Unnamed: 0,lang,text
0,en,But many have tried to supply missing details.
1,en,Jaish-e-Mohammed (JeM) control rooms were also reportedly destroyed.
2,en,He declined to speak further on the issue.
3,en,"In Haryana, there are over 1.83 crore voters, out of which 83 lakh are women"
4,en,"Therefore, this has to be done cautiously."
5,en,"He was also the national vice-president of the All India Bharatiya Janata Yuva Morcha, the youth wing of the BJP."
6,en,"Congress is not bothered about the depletion of natural resources here, Modi said."
7,en,Lets try to understand them.
8,en,This decision has been taken at a meeting.
9,en,There was no way out.
10,en,But just a moment!
11,en,Brad Pitt has worked in several popular films.
12,en,But the Congress was sad.
13,en,PM interacts with Sportspersons
14,en,All are undergoing treatment in a hospital.
15,en,"Narendra Modi today, appealed for support from the citizens on following seven points:"
16,en,( Compare Deuteronomy 32: 5.)
17,en,And how does one do that?
18,en,2 Corinthians 7: 6: God comforts the depressed. New American Standard Bible.
19,en,a sink with some dirty dishes in it
20,en,This issue will be discussed.
21,en,"Under Section 80C of the Income Tax Act, the contributions made in PPF are eligible for a tax deduction."
22,en,death-body.
23,en,Hair Extensions
24,en,She was going to London by British Airways.
25,en,Pakistan and Punjab has been no exception.
26,en,"However, the motive behind this murder was not known."
27,en,"Washington Sundar and Shivam Dube, who took the injured Hardik Pandya's place, have got significant opportunities to show what they are capable of."
28,en,"However, Pakistan has refused to accept the dead bodies."
29,en,Melt in the mouth.
30,en,"( Contemporary English Version) Second: Understand the power of technology to influence children in a positive or negative way, and strive to make it positive."
31,en,"WhatsApp is currently gearing up to launch its payment service, WhatsApp Pay , in India."
32,en,He had sought for political asylum in the US.
33,en,Thanks for your patience!
34,en,A young woman has been killed.
35,en,However there was no casualty.
36,en,Rohit Sharma
37,en,New features coming on WhatsApp.
38,en,"This is being done as a precautionary measure, he added."
39,en,The World Health Organisation says one infected person can infect hundreds within weeks.
40,en,The phone features Qualcomm Snapdragon 855+ SoC.
41,en,"Traditionally in many states, inter-school, block and district level sports compel were organized regularly by the State Education Department or the district level sports offices."
42,en,This is truly made in India.
43,en,But he didnt hear a word.
44,en,"This was announced by Union Minister for Information Broadcasting, Shri Prakash Javadekar in New Delhi today."
45,en,MG Motors
46,en,Polling will take place there has on May 28 now.
47,en,ISRO's achievement with getting Chandrayaan-2 so far has made every Indian proud.
48,en,Take care of health.
49,en,Added features
50,en,_32 bit
51,en,The police then swung into action.
52,en,to cut it.
53,en,He contributed numerous papers to the journal of the Bombay branch of the Royal Asiatic Society.
54,en,a locomotive train resting on some tracks next to a building
55,en,What can help us to build strong faith?
56,en,So what do you want?
57,en,About 2 per cent of them also had a cancer diagnosis.
58,en,The pictures from Neha Kakkar and Rohanpreet's wedding ceremony are going viral on social media.
59,en,Bollywoods highest earning celebs
60,en,Practice 1.
61,en,"The highly fragmented pre-owned car market is divided into four categoriesthe organised, semi-organised, unorganised and consumer-to-consumer market."
62,en,There is a lot of unauthorised construction there.
63,en,I recall that one of them kept contacting me to see how I was.
64,en,"Exodus simply states that he grew up with his parents, which can signify reaching any age."
65,en,"The Integral Coach Factory, Chennai manufactures the train."
66,en,"These included Aamir Khan , Karan Johar, Alia Bhatt, Katrina Kaif , Kareena Kapoor Khan, Kiara Advani, Sara Ali Khan, Vicky Kaushal, Sussanne Khan, Aditya Roy Kapur, Jacqueline Fernandez, Shilpa Shetty, Vidya Balan, Malaika Arora, Kriti Sanon, Taapsee Pannu, Shahid Kapoor and Mira Rajput , Shraddha Kapoor and R Madhavan among others."
67,en,We have too many kids.
68,en,It was decided to hold the virtual meetings of technical officers of member countries every Monday via Skype and nine meetings have so far been held.
69,en,What if he doesnt love me?
70,en,What personal achievements could we claim that could ever compare with Gods accomplishments?
71,en,"Chief Minister Nitish Kumar has also given directions to the Health Department, district administration and doctors to take necessary measures to fight the disease."
72,en,"When that prayer is fully answered, conditions that foster hatred will exist no more. Situations that exploit it will have been eliminated."
73,en,Action according to law has been taken.
74,en,How can this be solved?
75,en,Both Chennai and Mumbai have won the title thrice.
76,en,Cheese - 200 g
77,en,The body of the child has been sent for postmortem.
78,en,Congress President Rahul Gandhi and many other senior party leaders also participated in the road show.
79,en,Ghee - As required
80,en,The animosity between the workers of the BJP and Trinamool Congress continues.
81,en,It's an old Indian tradition.
82,en,The Godrej Group has moved the Bombay High Court challenging the proposed acquisition of its prime property in suburban Vikhroli to pave way for the government's ambitious bullet train project between Ahmedabad and Mumbai.
83,en,"As mentioned earlier, the nation of Israel exclusively had the prospect of supplying members to make up a kingdom of priests and a holy nation."
84,en,Pregnancy complications
85,en,Following are the results :
86,en,I did not react.
87,en,32/64 GB internal storage
88,en,Is this civilization?
89,en,You can trust me on that.
90,en,The President urged students of Gujarat University to take advantage of these facilities
91,en,100 decreased to Rs.
92,en,The Egyptian ruler defiantly refuses.
93,en,You need not worry.
94,en,The security forces have launched a search operation in the area.
95,en,Have a look at that.
96,en,How can we be sure that it was God who inspired the Bible writers?
97,en,A city bus is parked on the curb waiting for people
98,en,"Reliance Industries chairman Mukesh Ambani retained his position as the richest India, according to Forbes Indias rich list."
99,en,Lets know about this.
100,en,Coronavirus has taken a toll over several countries of the world.
101,en,The family registered a missing complaint with the police.
102,en,It has become a habit with some people.
103,en,"In some cases, it can even lead to trials persecution and suffering."
104,en,"Today, society promotes the view that people would be happy if only they were rich enough."
105,en,Salman will be seen romancing Sonam Kapoor in the movie.
106,en,Interestingly Deepika's first look from the film was unveiled a few days back.
107,en,"Before implementation of 7th Central Pay Commission, the ceiling under CCS (Pension) Rules, 1972 was Rs. 10 Lakh."
108,en,Lok Sabha and assembly elections are being held simultaneously in the state.
109,en,Hence we should be more vigilant.
110,en,It has garnered millions of views on Youtube.
111,en,"The Mumbai Fire Brigade, Mumbai Police and BMC officials were rushed to the spot after the incident."
112,en,"Petrol, diesel prices lowered"
113,en,India won the series 1-0.
114,en,The death toll might go up further.
115,en,"In addition, we are able to manifest this quality because we are led by Gods holy spirit, or active force."
116,en,He was posted in the ICU.
117,en,The film is based on the story of Arunachalam Muruganantham.
118,en,What finally happened?
119,en,Holy month of Shravan begins
120,en,the rivers have been inundated.
121,en,PM Narendra Modi warmly received US President Donald Trump.
122,en,Theres a lot of excitement.
123,en,This can cause acidity.
124,en,BCG protects against tuberculosis (TB) disease.
125,en,It cannot take any decision on its own.
126,en,Both the Prime Ministers were participating through Video Conference
127,en,No new case has been reported.
128,en,Who is Suman Rao?
129,en,Gujarat ATS arrest terror-accused
130,en,Who will help?
131,en,The photo has gone viral on social media.
132,en,The house was surrounded.
133,en,Key recommendations:
134,en,"South Mumbai has a number of major market places clothes, diamonds, jewellery, pharmaceuticals, electronics, foreign merchandise and a number of corporate houses."
135,en,"There is however, some truth in it."
136,en,But the story doesnt end here.
137,en,Jehovah promises real protection against anything Satan can do.
138,en,bond funds
139,en,She then informed the matter to her husband.
140,en,Farmers Day
141,en,( b) Of what outcome can we be confident?
142,en,Durga Puja celebrates the victory of the goddess Durga over the demon king Mahishasura.
143,en,asked her father.
144,en,This has been claimed in a research.
145,en,Supporters of Congress candidate Prashant Patel take out a nomination filing rally in Vadodara.
146,en,The peace that Jesus gave his disciples calmed their hearts and minds and allayed their fears.
147,en,It was truly a memorable evening.
148,en,Why have interest rates come down
149,en,Theres a lot of time left.
150,en,"As for the one listening to me, he will reside in security and be undisturbed from dread of calamity."
151,en,The entire power is with you.
152,en,"Shah Rukh Khan was conferred an honorary doctorate by the La Trobe University, Melbourne, for his work supporting women's empowerment and his achievement in the Indian film industry."
153,en,A group of people standing around a green train car.
154,en,And then it started raining.
155,en,"4: 12, 13. Why can Christians rejoice when they are persecuted?"
156,en,He had many ups and downs in his life.
157,en,We have no such confusion.
158,en,Stay calm... it will happen only when we want it.
159,en,what are trps?
160,en,22 Our Readers Ask...
161,en,Dilip Vengsarkar (Headingley - 1986)
162,en,an office job.
163,en,They are washed and cleaned thoroughly in normal temperature water.
164,en,"Daily, Jehovahs people were being arrested and brought before the courts."
165,en,"Earlier, many BJP leaders have made similar statements."
166,en,Germany is placed third.
167,en,"Read | At LoC, Army chief Bipin Rawat tells troops: Be ready for any contingency"
168,en,Add garlic and stir.
169,en,Mumbai: Indian opener Rohit Sharma was given out caught behind in a controversial manner during India-West Indies clash at Old Trafford.
170,en,Juices are loaded with several nutrients.
171,en,"Now, Indians are trying to come out of their problems and with a resolution to reach at new heights they are ready to fulfill their responsibilities very well."
172,en,The vitriolic exchange between Prime Minister Narendra Modi and West Bengal chief minister and Trinamool Congress chief Mamata Banerjee appears to be continuing.
173,en,The fee can be paid online by using either VISA or MASTER or MAESTRO Credit/Debit Card/Rupay Card/ Net Banking.
174,en,What family had said
175,en,"1,31,000 crore."
176,en,Hence there is great need to stop it.
177,en,Warning message box with yes/ no buttons
178,en,The film did particularly well in north India and Punjab.
179,en,But why did this happen so instantly?
180,en,First week
181,en,He got terribly afraid.
182,en,A police complaint was registered in the matter.
183,en,BJP committed to building Ram temple in Ayodhya: Amit Shah
184,en,"In Kathua district in Jammu & Kashmir, all departments have been connected with Beti Bachao Beti Padhao Yojana under the Convergence Model and in addition to the convening of Gram-Sabhas, all efforts are being made by the district administrations for adoption of orphan baby girls and to ensure their education."
185,en,"The Committee will have powers on conditions within reasonable limits, on a case by case basis, during the first two years of implementation of the scheme."
186,en,Read the full report
187,en,My sympathies are with his family.
188,en,The new Maruti Swift was launched at Auto Expo 2018.
189,en,We are trying to do that.
190,en,"Regarding this remarkable cycle, the Bible says: All the winter torrents are going forth to the sea, yet the sea itself is not full."
191,en,Happiness will increase in your family.
192,en,People have reacted crazily.
193,en,Science fiction?
194,en,"Since his rebellion, Satan has proved to be Jehovahs greatest enemy, and he certainly has not been a friend of mankind."
195,en,Amazon.in
196,en,Myth: Sugar causes diabetes
197,en,Don't disclose your personal information over the phone.
198,en,It invokes love.
199,en,"Its not you, its them"
0,gu,ઘણા જાતજાતની માહિતી અને અફવા ફેલાવે છે.
1,gu,જૈશ-એ-મોહમ્મદના કંટ્રોલ રૂમ પણ નષ્ટ થઈ ગયા છે.
2,gu,તેમણે આ અંગે વધુ વાત કરવાનો ઇનકાર કર્યો.
3,gu,હરિયાણામાં 85 લાખ મહિલા અને ટ્રાન્સઝેન્ડર મતદારો સહિત કુલ 1.83 કરોડ મતદાતાઓ નોંધાયેલ છે
4,gu,તેથી તે કાળજીપૂર્વક કામ કરવા માટે જરૂરી છે.
5,gu,સાથોસાથ ભારતીય જનતા પાર્ટીના યુવા મોરચાના રાષ્ટ્રીય અધ્યક્ષ પદે તેની તાજપોશી થાય એ માટે પણ દાવ ખેલ્યો હતો.
6,gu,"આ રેલીમાં મોદીએ કહ્યું, અહીંયા કુદરતી સ્ત્રોતોમાં થઇ રહેલા ઘટાડાની કોંગ્રેસને કોઇ પરવા ."
7,gu,માતાનો તેમને વિગતવાર સમજવા માટે પ્રયાસ કરીએ.
8,gu,આ બેઠક બાદ આ નિર્ણય લેવામાં આવ્યો છે.
9,gu,બહાર નીકળવાનો કોઈ ઉપાય નહોતો.
10,gu,ફક્ત એ એકાદ ક્ષણ જ !
11,gu,હોલિવુડ સ્ટાર બ્રાડ પીટ કેટલીક યાદગાર ફિલ્મોમાં કામ કરી ચુક્યો છે.
12,gu,પણ કોંગ્રેસ અંદરખાને ડરેલું હતું.
13,gu,પ્રધાનમંત્રીએ રમતવીરો સાથે વાત કરી
14,gu,બધાનો કોરોના હોસ્પિટલમાં ઈલાજ ચાલી રહ્યો છે.
15,gu,માનનીય પ્રધાનમંત્રી શ્રી નરેન્દ્ર મોદીએ આજે રાષ્ટ્રજોગ સંદેશમાં નીચે દર્શાવેલા સાત મુદ્દા પર સહકાર આપવા માટે તમામ નાગરિકોને અપીલ કરી હતી:
16,gu,( વધુ માહિતી: પુનર્નિયમ ૩૨: ૫.)
17,gu,અને તમે તે પ્રકારના કામ કેવી રીતે કરશો?
18,gu,૨ કોરીંથી ૭: ૬: ‘ દીનજનોને ઈશ્વર દિલાસો આપે છે. ’
19,gu,તેમાં કેટલાક ગંદા વાનગીઓ સાથે સિંક
20,gu,મામલો ચર્ચાશે.
21,gu,"કર્મચારીની સેલરીમાંથી જે પૈસા ઈપીએફઓમાં જમા થાય છે, તેને ટેક્સ કાયદા અનુસાર સેક્શન 80સી અંતર્ગત છૂટ આપવામાં આવે છે."
22,gu,અહેડ - મૃત્યુ.
23,gu,વાળ વિસ્તરણ
24,gu,તે લંડન જવા માટે ફ્લાઈટ લેવા જઇ રહી હતી.
25,gu,પંજાબ અને છત્તીસગઢ પણ આ બાબતમાં જરાય પાછળ નથી.
26,gu,"જોકે, હત્યાનું કારણ જાણ શકાયું નથી."
27,gu,વોશિંગટન સુંદર અને ઈજાગ્રસ્ત હાર્દિક પંડ્યાની જગ્યાએ સામેલ થયેલા શિવમ દુબેને પોતાની ક્ષમતાનું પ્રદર્શન કરવાની ઘણી તક મળી છે.
28,gu,પરંતુ પાકિસ્તાને હંમેશા મૃતદેહ સ્વીકારવાનો ઈન્કાર કર્યો છે.
29,gu,મોઢામાં ફીણ નીકળવું.
30,gu,( ૨) ટેક્નૉલૉજીનાં આવાં સાધનોની બાળકો પર સારી કે નરસી અસર પડે છે એ જાણો.
31,gu,ઇન્સ્ટન્ટ WhatsApp ભારતમાં પેમેન્ટ સર્વિસને ભારતમાં લોન્ચ કરવાની ઘણા સમયથી તૈયારી કરી રહી છે.
32,gu,તેમણે યુએસમાં રાજકીય શરણની માગ કરી હતી.
33,gu,"તમારી ધીરજ માટે આભાર,"
34,gu,એક યુવકે મહિલાને ઢોર માર માર્યો.
35,gu,જોકે તેમાં કોઈ જાનહાનિ નથી થઈ.
36,gu,રોહિત શર્મા –
37,gu,વોટ્સએપ પર આવશે નવા ફીચર્સ
38,gu,આથી એક અગમચેતીનું પગલું લેવાયું છે' તેમ તેમણે ઉમેર્યું હતું.
39,gu,WHOનું માનીએ તો તેનો ચેપ ધરાવતો વ્યક્તિ એક સપ્તાહમાં સેંકડો લોકોને તેનો ચેપ લગાડી શકે છે.
40,gu,સ્માર્ટફોનમાં ક્વાલકોમ સ્નેપડ્રેગન 855+ એસઓસી (SoC) પ્રોસેસર છે.
41,gu,"પહેલાં ઘણા રાજ્યો માં રાજ્ય શિક્ષણ વિભાગ અથવા જિલ્લા ની રમતગમત કચેરિઓ દ્વારા નિયમિત આંતર શાળા, બ્લોક અને જિલ્લા સ્તરે રમત ગમત સ્પર્ધાઓ યોજવા માં આવતી હતી."
42,gu,તેને ભારતમાં જ તૈયાર કરવામાં આવી છે.
43,gu,પરંતુ હું તેમનો એક શબ્દ સાંભળી નહોતી શકતી.
44,gu,કેન્દ્રીય માહિતી અને પ્રસારણ મંત્રી શ્રી પ્રકાશ જાવડેકરે આજે નવી દિલ્હીમાં તેની જાહેરાત કરી હતી.
45,gu,એમજી મોટર્સ
46,gu,હવે અહીં મતદાન 28 મેના રોજ થશે.
47,gu,"તેઓએ ટ્વીટ કર્યું, 'ચંદ્રયાન-2 સાથે ઈસરોની ઉપલબ્ધિએ અત્યાર સુધી દરેક ભારતીયને ગૌરવાન્વિત કર્યા છે."
48,gu,સ્વાસ્થ્ય નું રાખો ખ્યાલ.
49,gu,ઉમેરાયેલ લક્ષણો
50,gu,32 બીટ (_3)
51,gu,ત્યારબાદ પોલીસ એક્શનમાં આવી ગઇ હતી.
52,gu,તેની ઝીણી કટકી કરવી.
53,gu,તેમણે રોયલ એશિયાટિક સોસાયટીની બોમ્બે શાખાના જર્નલમાં અસંખ્ય કાગળો આપ્યા.
54,gu,મકાનની બાજુમાં કેટલાક ટ્રેક્સ પર આરામ કરતા લોકોમોટિવ ટ્રેન
55,gu,આપણી શ્રદ્ધા કઈ રીતે મજબૂત કરી શકીએ?
56,gu,તો આપને કઈ વાતનો ઇંતેજાર છે ?
57,gu,તેમાંથી આશરે 2% લોકોને કેન્સરનું નિદાન થઈ ચૂક્યું હતું.
58,gu,નેહા અને રોહનના લગ્નના વીડિયો સોશ્યલ મીડિયામાં વાયરલ થઇ રહ્યા છે.
59,gu,બોલિવૂડ સેલેબ્સની કરોડોની કમાણી
60,gu,પ્રેક્ટિસ.
61,gu,"અત્યંત વિકેન્દ્રીત પ્રી-ઓન્ડ કાર માર્કેટ મુખ્યત્વે ચાર શ્રેણીઓમાં વહેંચાયેલું છે, જેમાં સંગઠિત, અર્ધ-સંગઠિત, બિનસંગઠિત તથા ગ્રાહક- ગ્રાહક વચ્ચેના સોદાનો સમાવેશ થાય છે."
62,gu,તે જગ્યાએ અનેક મંજૂરી વગરના બાંધકામો આવેલા છે.
63,gu,પણ મને ઘણી જ ખુશી થઈ કે સાક્ષીઓ મને ભૂલી ગયા ન હતા.
64,gu,પરંતુ અમુક લોકોનું માનવું છે કે તે ત્રણેક વર્ષે ધાવણ છોડે ત્યાં સુધી અથવા થોડો લાંબો સમય સુધી રહ્યા હોય શકે.
65,gu,ચેન્નાઈ સ્થિત ઈન્ટ્રિગલ કોચ ફેક્ટર આ ટ્રેનનું નિર્માણ કરે .
66,gu,"આ પ્રોગ્રામમાં શાહરૂખ કાન, કેટરિના કૈફ, રણબીર કપૂર, આલિયા ભટ્ટ, સારા અલી ખાન, અનિલ કપૂર, જ્હાન્વી કપૂર, વિક્કી કૌશલ, પરિણીતી ચોપરા, રરણવીર સિંહ, અક્ષય કુમાર, આયુષ્માન ખુરાના, કાર્તિક આર્યન સહિત અનેક સ્ટાર્સ ઉપસ્થિત રહ્યા હતા."
67,gu,અમને ઘણા બાળકો છે.
68,gu,ત્યારે સભ્યો દેશોના ટેકનિકલ અધિકારીઓની દર સોમવારે સ્કાઇપે દ્વારા વર્ચ્યુઅલ બેઠકો યોજવાનું નક્કી કરવામાં આવ્યું હતું અને અત્યાર સુધીમાં આવી નવ બેઠકોનું આયોજન કરવામાં આવ્યું છે.
69,gu,જો હું પ્રેમ ન કરું
70,gu,શું આપણે આપણા કોઈ પણ કામની સરખામણી દેવના કામો સાથે કરી શકીએ છીએ?
71,gu,"નીતીશકુમારે તમામ અસરગ્રસ્ત વિસ્તારોમાં બાળકોની તાકીદે સારવાર કરવા માટે તમામ પગલા લેવા આરોગ્ય વિભાગ, જિલ્લા અધિકારીઓ અને તમામ ડૉકટરોને આદેશ આપ્યા હતા."
72,gu,"પરંતુ ત્યારે એવું નહિ હોય, એના બદલે તેઓને પૂરતી માહિતી હશે, તેઓ સત્ય જાણનારા અને ન્યાયી હશે."
73,gu,કરી કાયદેસરની કાર્યવાહી કરવામાં આવેલ છે.
74,gu,આનો ઉકેલ શી રીતે આવી શકે?
75,gu,મુંબઈ અને ચેન્નાઈએ ત્રણ-ત્રણ વખત આઈપીએલ ટાઈટલ જીત્યા છે.
76,gu,મકાઈ - 200 ગ્રામ.
77,gu,સગીરાનો મૃતદેહ પોસ્ટમોર્ટમ માટે ખસેડાયો છે.
78,gu,કોંગ્રેસ અધ્યક્ષ રાહુલ ગાંધી દ્વારા આયોજીત ઈફ્તાર પાર્ટીમાં ઘણા દિગ્ગજ નેતાઓ હાજર રહ્યા હતા.
79,gu,હીંગ – જરૂર અનુસાર
80,gu,ભાજપ અને તૃણમુલ કોંગ્રેસના કાર્યકરો વચ્ચેની હિંસક ઝડપની ઘટનાઓ સતત વધી રહી છે.
81,gu,આ પ્રાચીન ભારતીય પદ્ધતિ છે.
82,gu,મુંબઈ અને અમદાવાદ વચ્ચેના સૂચિત બુલેટ ટ્રેન પ્રોજેક્ટ માટે કેન્દ્ર સરકારે મુંબઈના ઉપનગર વિક્રોલીમાં જે જમીન સંપાદિત કરી રહી છે તે પોતાની પ્રાઈમ પ્રોપર્ટી છે એવો ગોદરેજ ગ્રુપે દાવો કર્યો છે અને સરકારના નિર્ણયને હાઈકોર્ટમાં પડકાર્યો છે.
83,gu,"આપણે જોઈ ગયા તેમ, ફક્ત ઈસ્રાએલી પ્રજા પાસે એક મોટો લહાવો હતો."
84,gu,પ્રેગનન્સી દરમીયાન રહેતી તકલીફો
85,gu,નીચેના પરિણામો દર્શાવે છે:
86,gu,મેં કશી પણ પ્રતિક્રિયા ન આપી.
87,gu,32 જીબી/ 64 જીબી ઇન્ટરનલ મેમરી
88,gu,શું આ છે સભ્યતા ?
89,gu,તમે મારા ઉપર વિશ્વાસ મૂકી શકો છો.
90,gu,રાષ્ટ્રપતિએ ગુજરાત યુનિવર્સિટીના વિદ્યાર્થીઓને આ સવલતોનો લાભ લેવાનો અનુરોધ કર્યો હતો
91,gu,100માંથી ઘટીને રૂ.
92,gu,"પરંતુ, ફારૂન સીધેસીધી ના પાડી દે છે."
93,gu,તનેય વાંધો ન હોવો જોઈએ.
94,gu,સુરક્ષાકર્મીઓએ વિસ્તારની ઘેરાબંધી કરી તપાસ શરૂ કરી દીધી છે.
95,gu,તેના પર એક નજર નાંખો.
96,gu,"ઈશ્વરે બાઇબલ લેખકોને પ્રેરણા આપી, એવી ખાતરી કઈ રીતે રાખી શકીએ?"
97,gu,શહેરની બસ લોકોની રાહ જોઈ રહેલા અંકુશ પર બાંધી છે
98,gu,"ફોર્બ્સ ઇન્ડિયાએ ધનકુબેરોનું લિસ્ટ જાહેર કર્યું છે, જેમાં રિલાયન્સ ઇન્ડસ્ટ્રીઝના ચેરમેન મૂકેશ અંબાણીનો દબદબો યથાવત્ જોવા મળ્યો છે."
99,gu,ચાલો આપણે આ વિશે જાણીએ.
100,gu,કોરોના વાયરસના કારણે વિશ્વનાં ઘણા દેશોમાં તારાજી સર્જાઈ છે.
101,gu,પરિવારે પોલીસ મથકે ગુમ થયાની ફરિયાદ નોંધાવી હતી
102,gu,કેટલાંક લોકોમાં તે લગાવ બની ચૂક્યો છે.
103,gu,"એનો એ અર્થ થાય છે કે, આપણને યહોવાહની સેવા કરવા અને તેમની ઇચ્છા પ્રમાણે જીવવા ઉત્તેજન આપવામાં આવે છે."
104,gu,આજે સમાજમાં એવું પ્રોત્સાહન આપવામાં આવે છે કે જો વ્યક્તિ ખૂબ ધનવાન થશે તો જ સુખી થશે.
105,gu,ફિલ્મમાં પહેલી વાર સલમાન સાથે સોનમ કપૂર રોમાન્સ કરતી જોવા મળશે.
106,gu,કેટલાક દિવસ પહેલા જ ફિલ્મમાં દીપિકાનો ફર્સ્ટ લુક જાહેર કરાયો હતો.
107,gu,7મું પગાર પંચ અમલમાં આવ્યું તે પહેલાં સીસીએસ (પેન્શન) નિયમો-1972 હેઠળ ઉચ્ચત્તમ મર્યાદા રૂ.10 લાખ હતી.
108,gu,દેશમાં લોકસભા અને વિધાનસભા ચૂંટણીઓ એક સાથે યોજવા માટે છેલ્લાં કટલાંક સમયથી વિચારણા ચાલી રહી છે.
109,gu,માટે આપણે પહેલેથી પણ વધુ સતર્કતા દાખવવી પડશે.
110,gu,યૂટ્યૂબ પર તેને લાખો હિટ્સ મળી ચૂકી છે.
111,gu,"આ ઘટનાની જાણ થતાંની સાથે પોલીસ, ફાયર બ્રિગેડ, મામલતદાર સહિતના આધિકારીઓ ઘટના સ્થળે પહોંચી ગયા હતા."
112,gu,પેટ્રોલ અને ડીઝલના ભાવમાં થયો ઘટાડો
113,gu,ભારતે પ્રથમ મેચ જીતીને શ્રેણીમાં ૧-૦ની લીડ મેળવી લીધી છે.
114,gu,મૃત્યુઆંક હજી વધી શકે તેમ છે.
115,gu,"તેમ જ, એમ કરવા આપણને યહોવાહના પવિત્ર આત્મા, અથવા પવિત્ર શક્તિની પણ મદદ મળે છે."
116,gu,તેને આઈસીયુમાં ભરતી કરવામાં આવ્યા હતા.
117,gu,આ ફિલ્મ અરુનાચલમ મુરુગનાથમની સ્ટોરી પર આધારિત છે.
118,gu,આખરે શું થયું હતું?
119,gu,પવિત્ર શ્રાવણ માસની શરૂઆત
120,gu,નદીઓ ગાંડીતૂર થઈ છે.
121,gu,"પ્રધાનમંત્રી નરેન્દ્ર મોદીએ ,નમસ્તે ટ્રમ્પ કહીને ,ડોનાલ્ડ ટ્રમ્પનું સ્વાગત કર્યું."
122,gu,ભારે ઉત્સાહ જોવા મળી રહ્યો છે.
123,gu,તેનાથી એસિડિટી થઈ શકે છે.
124,gu,BCG રસી ટ્યુબેકોલોસીસ (TB)ની બીમારીથી બચાવવા માટે કરવામાં આવે છે.
125,gu,એ પોતાની જાતે જ સમજીને-વિચારીને નિર્ણય નહોતો લઈ શકતો.
126,gu,બંને પ્રધાનમંત્રીઓએ વીડિયો કોન્ફરન્સ મારફતે આ કાર્યક્રમમાં ભાગ લીધો હતો
127,gu,અહીં કોઈ પણ નવો કેસ સામે આવી રહ્યો નથી.
128,gu,કોણ છે સુમન રાવ?
129,gu,ગુજરાત ATSએ શંકાસ્પદ આતંકવાદીની ધરપકડ કરી છે.
130,gu,કોણ આધાર કરશે?
131,gu,આ ફોટો સોશિયલ મીડિયામાં વાયરલ થયો છે.
132,gu,ઘર પોતે પિચીંગ હતું.
133,gu,મહત્વપૂર્ણ ટિપ્સ:
134,gu,"દક્ષિણ મુંબઈમાં અનેક માર્કેટ છે. જેમાં કપડાં, હીરા, જ્વેલરી, ફાર્માસ્યુટિકલ, ઇલેક્ટ્રૉનિક્સ, વિદેશી કંપનીઓ તથા અનેક કૉપોર્રેટ કંપનીઓ આવી છે."
135,gu,જોકે અહીં કેટલાક સત્ય છે.
136,gu,પરંતુ ઇતિહાસ અહીં સમાપ્ત થતું નથી.
137,gu,શેતાનની કોઈ પણ કુયુક્તિઓ વિરુદ્ધ રક્ષણ કરવાનું યહોવાહે વચન આપ્યું છે.
138,gu,બોન્ડ ફંડ્સ
139,gu,અને આ મામલે પતિને જાણ કરી હતી.
140,gu,ગ્રામજનોની ડે.
141,gu,તેઓને ઈશ્વરનો જરાય ડર ન હતો.
142,gu,મહિષાસુર નામના અસુરનો વધ કરનાર મા દુર્ગાના વિજયની સ્મૃતિમાં દુર્ગાપૂજાની ઉજવણી કરવામાં આવે છે.
143,gu,"’ તેણે તેના પિતાને પ્રશ્ન કર્યો,"
144,gu,એક અભ્યાસમાં દાવો કરવામાં આવ્યો છે.
145,gu,વડોદરાના કોંગ્રેસ ઉમેદવાર પ્રશાંત પટેલે પ્રચારના શ્રીગણેશ કર્યા
146,gu,એનાથી શિષ્યોને કઈ રીતે મદદ મળી?
147,gu,સાંજે ખરેખર યાદગાર હતી.
148,gu,વ્યાજદર કેમ ઘટાડયા ?
149,gu,એટલો સમય બચે છે.
150,gu,યહોવાહ કહે છે કે “મૂર્ખોની બેદરકારી તેઓનો વિનાશ કરશે.
151,gu,સર્વ શક્તિ તમારી અંદર છે.
152,gu,મહિલાઓ અને જરૂરિયાતવાળા બાળકોનાં ઉજ્જવળ ભવિષ્ય માટે સાથે જ ભારતીય સિનેમામાં આપેલા યોગદાન માટે શાહરુખ ખાનને ઑસ્ટ્રેલિયાનાં મેલબર્નમાં આવેલી લા ટ્રોબ યુનિવર્સિટીએ સન્માનનિય ડિગ્રી એવી ‘ડૉક્ટર ઑફ લેટર્સ’થી સન્માનિત કરવામાં આવ્યો છે.
153,gu,ગ્રીન ટ્રેન કારની આસપાસ ઊભેલા લોકોનો સમૂહ
154,gu,અને પછી શરૂ થયો ધોધમાર વરસાદ !
155,gu,આપણો વિરોધ કે સતાવણી થાય તો શા માટે હરખાવું જોઈએ?
156,gu,"તેમના જીવન માં, ત્યાં ઘણા અપ્સ એન્ડ ડાઉન્સ હતી."
157,gu,આપણે ત્યાં આવી સંકુચિતતા નથી.
158,gu,શાંતિ રાખો આ ત્યારે જ થશે જ્યારે અમારી ઈચ્છા હશે.
159,gu,ટેરિયર્સ શું છે?
160,gu,"પાન ૧૬ • ગીતો: ૯ (53), ૮ (51)"
161,gu,દિલિપ વેંગસ્કર (લોર્ડ્સ) 1986
162,gu,ઓફિસ વર્કલોડ.
163,gu,તેઓ સંપૂર્ણપણે ધોવાઇ અને સામાન્ય પાણીમાં બાફેલી કરવામાં આવી હતી.
164,gu,દરરોજ યહોવાહના લોકોની ધરપકડ કરવામાં આવતી અને તેઓને અદાલતમાં લાવવામાં આવતા.
165,gu,જોકે આ પહેલા બીજેપીના અનેક મોટા નેતાઓ પણ અપમાનજનક ટિપ્પણી કરી ચૂક્યા છે.
166,gu,આ બાબતે જર્મની બીજા સ્થાન પર છે.
167,gu,"સેનાધ્યક્ષ બિપિન રાવતની LoC મુલાકાત, જવાનોને કહ્યું ગમે તે સ્થિતી માટે તૈયાર રહો"
168,gu,લસણ ઉમેરો અને મિશ્રણ.
169,gu,નવી દિલ્હીઃ ફોર્મમાં રહેલા ભારતીય ઓપનર રોહિત શર્માને વેસ્ટ ઇન્ડિઝ વિરુદ્ધ આઉટ આપવા પર વિવાદમાં નવો વળાંક આવ્યો છે.
170,gu,આંબળા જ્યુસ ઘણા પોષક તત્વોથી ભરપુર હોય છે.
171,gu,હવે હિન્દુસ્તાની મુસીબતોને પાર કરીને નવી ઊંચાઇઓ પર પહોંચવાના સંકલ્પને આગળ વધારવા માટે પોતાની જવાબદારીઓને સારી રીતે નીભાવવાનો પ્રયાસ કરી રહ્યો છે.
172,gu,"ફેની વાવાઝોડાને લઈને પ્રધાનમંત્રી નરેન્દ્ર મોદી અને પશ્ચિમ બંગાળના મુખ્યમંત્રી મમતા બેનર્જી વચ્ચે ઝઘડો ચાલુ જ છે,મમતા બેનર્જીએ પ્રધાનમંત્રી મોદી પર તામુલક ખાતે યોજાયેલી રેલી દરમ્યાન તેમને વળતો જવાબ આપતાં તેમની પર ફોન ન ઉપાડવાનો આરોપ લગાવ્યો છે."
173,gu,"પે રોકડ અથવા કાર્ડ યુરોકાર્ડ, માસ્ટ્રો, વિઝા, માસ્ટરકાર્ડ દ્વારા હોઈ શકે છે."
174,gu,શું કહ્યું પરિવારજનોએ
175,gu,"1,31,000 કરોડ (રૂ."
176,gu,તેથી તેના પર રોક લગાવવાની સખ્ય જરૂરત છે.
177,gu,હા/ ના બટનો સાથે ચેતવણી સંદેશ બોક્સ
178,gu,ફિલ્મે ઉત્તર અને પૂર્વ ભારતમાં ખાસ સારુ પરફોર્મ નથી કર્યું.
179,gu,પણ અચાનક આ રીતે ઘોડાપૂર કેમ આવ્યાં?
180,gu,પ્રથમ અઠવાડિયું
181,gu,તે ડરતો-ડરતો આવ્યો.
182,gu,જે અંગે પોલીસ ચોપડે ફરિયાદ નોંધાઈ હતી.
183,gu,અયોધ્યામાં હવે બનશે ગગનચુંબી રામ મંદિર: અમિત શાહ
184,gu,"જમ્મુ-કાશ્મીરના કઠુઆ જિલ્લામાં કન્વર્જન્સ મોડેલ હેઠળ બધા વિભાગોને બેટી બચાવો-બેટી પઢાઓ યોજનામાં જોડવામાં આવ્યા છે અને ગ્રામ-સભાઓના આયોજનની સાથેસાથે જિલ્લા પ્રશાસન દ્વારા અનાથ બાળકીઓને દત્તક લેવી, તેમનું ભણતર નિશ્ચિત કરવાના ભરપૂર પ્રયાસ થઈ રહ્યા છે."
185,gu,"આ સમિતિને વાજબી મર્યાદાની અંદર, યોજનાના અમલના પ્રથમ બે વર્ષમાં કેસવાર શરતો મૂકવાની સત્તા રહેશે."
186,gu,વાંચો સંપૂર્ણ રિપોર્ટ
187,gu,મારી સંવેદના તેમના પરિવાર સાથે છે.
188,gu,મારુતિ સુઝુકીના હાઈબ્રિડ વર્ઝનને 2018 ઓટો એક્સ્પોમાં શોકેસ કરવામાં આવ્યું હતું.
189,gu,અમે આ માટે પ્રયાસ કરી રહ્યા છીએ.
190,gu,"મોટા ભાગનું પાણી દરિયા, સરોવર, નદીઓ, હિમનદીઓ, બરફથી છવાયેલો રહેલો ધ્રૃવ વિસ્તાર અને જમીનમાં એકઠું થાય છે."
191,gu,પરિવારમાં સુખશાંતિ વધશે.
192,gu,લોકોએ આવી ચોંકાવનારી પ્રતિક્રિયા આપી છે.
193,gu,સાયન્ટિસ્ટ વિજ્ઞાન સાહિત્ય?
194,gu,બાઇબલમાં કરવામાં આવેલ શેતાનના વર્ણન પરથી જોઈ શકાય કે તે કેટલો ભ્રષ્ટ છે.
195,gu,એમેઝોન. કોમ
196,gu,ભ્રમ: ખાંડ ખાવાથી ડાયાબિટીસ થાય છે
197,gu,ક્યારેય તમારી વિગત ફોન પર કોઈને ન આપશો.
198,gu,એ પરતંત્રતા પ્રેમને પ્રગટાવે છે.
199,gu,તે તમે નથી-તે છે
0,hi,जिसके जवाब में पाक ने अच्छी शुरुआत की थी.
1,hi,"यूरोपीय संघ के महत्वपूर्ण संस्थानों में यूरोपियन कमीशन, यूरोपीय संसद, यूरोपीय संघ परिषद, यूरोपीय न्यायलय एवं यूरोपियन सेंट्रल बैंक इत्यादि शामिल हैं।"
2,hi,कांग्रेस नेता तमिलनाडु से शिवगंगा लोकसभा क्षेत्र का प्रतिनिधित्व करते हैं.
3,hi,संबंधन प्रयास के बारे में उपयोक्ता को प्रांप्ट करें
4,hi,"वित्त मंत्री ने घोषणा कि जमा बीमा और ऋण गारंटी निगम (डीआईसीजीसी) को जमा राशि बीमा का दायरा, जो इस समय 1 लाख रुपये है उसे बढ़ाकर प्रति जमाकर्ता 5 लाख रुपये करने की अनुमति प्रदान कर दी गई है।"
5,hi,"इस कारण हे भाइयों, अपने बुलाए जाने, और चुन लिये जाने को सिद्ध करने का भली भांति यत्न करते जाओ, क्योंकि यदि ऐसा करोगे, तो कभी भी ठोकर न खाओगे।"
6,hi,"समिति में जिला एवं सत्र न्यायाधीश, कलेक्टर, पुलिस अधीक्षक व जिला विधिक सेवा प्राधिकरण के सचिव शामिल रहते हैं।"
7,hi,पुलिस मौके पर मौजूद है।
8,hi,जम्मू एवं कश्मीर विधानसभा के लिए दूसरे चरण के तहत होने वाले मतदान के लिए प्रधानमंत्री नरेंद्र मोदी भारतीय जनता पार्टी (भाजपा) के पक्ष में शुक्रवार को यहां रैलियां करेंगे।
9,hi,और 3050एमएएच की दमदार बैटरी से लैस है।
10,hi,"उन्होंने कहा, बाबू रघुवंश प्रसाद जी ने भी गरीबों के लिए काम किया।"
11,hi,इस विमान हादसे में सभी 176 यात्रियों की मौत हो गई थी.
12,hi,"राहुल ने कहा, मैं वही सवाल फिर से पूछता हूं।"
13,hi,मीका ने यह बताया कि सच्ची उपासना कैसे उन लोगों को भी एक कर देगी जो पहले एक - दूसरे के दुश्‍मन थे ।
14,hi,आमंत्रित नहीं किया
15,hi,"“ बड़ी भीड़ ” के ये लोग, अपनी तलवारों को पीटकर हल के फाल बनाते हुए, और इस तरह अपने संगी यहोवा के गवाहों के साथ शांति से जीकर ईश्‍वरीय न्याय के अनुरूप होते हैं ।"
16,hi,सनी लियोन श्रृंखला में एक विशेषज्ञ की भूमिका निभाती हैं।
17,hi,इसके बाद जब य सुख जाए तो इसे साफ पानी से धो लें।
18,hi,भाटिया भारतीय जनता पार्टी के प्रवक्ता भी हैं।
19,hi,इसके जरिये ही हम देश का निर्माण करेंगे और उसे महान बना पायेंगे।
20,hi,नारियल तेल और नींबू का रस:
21,hi,"फोर्टिस हेल्थकेयर के एमडी और सीईओ डॉ. आशुतोष रघुवंशी, वरिष्ठ वाइस प्रेसिडेंट (कोरपोरेट मामले एवं सीएसआर) मनु कपिला, एसआरएल के सीईओ आनंद कुमार ने चैक भारतीय चिकित्सा अनुसंधान परिषद (आईसीएमआर) के महानिदेशक प्रोफेसर (डॉ.) बलराम भार्गव और वरिष्ठ वित्त सलाहकार राजीव रॉय को सौंपा"
22,hi,मंत्रालय ने बताया कि राष्ट्रीय खाद्य सुरक्षा कानून (एनएफएसए) की योजना व अन्य कल्याणकारी योजनाओं के तहत हर महीने करीब 55 लाख टन अनाज की आवश्यकता होती है।
23,hi,हमारा समस्त जीवन तथा हमारी समस्त मूल सत्ता सच्चिदानन्द की प्राप्ति-रूप हो जाती है।
24,hi,पूरी दुनिया यहां आ रही है।
25,hi,"पार्टी ने अथानी से गजानन बालचंद्र मंगसूली, कागवाड़ से भरमगौड़ा अलागौड़ा केज और गोकक विधानसभा क्षेत्रों से लखन जारकीहोली को मैदान में उतारा है।"
26,hi,भीलवाड़ा में न्यूनतम तापमान 2 डिग्री सेल्सियस दर्ज किया गया।
27,hi,लघु-उद्योगों में कम पूंजी नियोजन पर ही रोजगार क्षमता अधिक होती है।
28,hi,दिल्ली सरकार द्वारा संचालित राजीव गांधी सुपर स्पेशिलिटी अस्पताल में मृत्यु दर जून के शुरू में छह फीसदी थी और जुलाई के प्रारंभ में सात फीसदी हुई।
29,hi,इंजीनियरी और सूचना विज्ञान में तीव्र परिवर्तन हो रहे हैं।
30,hi,इन जगहों की अधिकांश सीटों पर कांग्रेस ने जीत हासिल की।
31,hi,"नई दिल्ली, 14 मई, 2010"
32,hi,इसके बाद कुछ समझौतों पर हस्ताक्षर किए जा सकते हैं।
33,hi,अल्जीरिया में एक सैन्य विमान दुर्घटनाग्रस्त
34,hi,प्रधानमंत्री श्री नरेन्‍द्र मोदी की अध्‍यक्षता में केंद्रीय मंत्रिमंडल को जैव-प्रौद्योगिकी के क्षेत्र में भारत और क्यूबा तथा भारत और कोरिया के बीच हुए दो द्विपक्षीय समझौता ज्ञापनों (एमओयू) से अवगत कराया गया
35,hi,ऊपर-नीचे
36,hi,कोच्ची की रहने वाली छात्रा हनान ने कहा कि यह पैसा उसके पढ़ाई के लिए किए जा रहे संघर्ष के सोशल मीडिया पर शेयर किए जाने के बाद लोगों ने उसकी और उसके परिवार की मदद के लिए दिया गया था। हनान ने कहा यह पैसा मुझे लोगों से मिला था और जरुरतमंदों की मदद के लिए इसे वापस देकर मैं बहुत खुश हूं।
37,hi,तो वो मिलने आईं।
38,hi,शायद आपमें से कई लोग दो विक्रेताओं (सेल्समेन) की कहानी जानते हैं जो १९०० सदी में अफ्रीका गए.
39,hi,जनगणना 2021 के संबंध में 2018 में किए जाने वाले आवश्यक कार्यों पर भी चर्चा की गई।
40,hi,(मगर जब किताब आयी) तो उन लोगों ने उससे इन्कार किया ख़ैर अनक़रीब (उसका नतीजा) उन्हें मालूम हो जाएगा
41,hi,"एडीआईए के कार्यकारी निदेशक हमाद शाहवान अल्दहाहेरी ने कहा,” आरआरवीएल भारत के खुदरा बाजार में तेजी के साथ मजबूती से उभरा है और भौतिक और डिजिटल आपूर्ति श्रंखला में मजबूत पहचान बनाई है।"
42,hi,मैं उस पर टिप्पणी नहीं करूंगा।
43,hi,तेजस्वी का नीतीश सरकार पर बड़ा आरोप
44,hi,साथ ही पुलिस (Police) ने यह भी बताया कि मामले की जांच शुरू कर दी गई है.
45,hi,क्या वो आतंकी नहीं था।
46,hi,"फिर सनान, हदाशा, मिगदलगाद,"
47,hi,इससे उधारी बढ़ती जाती है।
48,hi,हैंडिल पर वह हाथ एक बार फिर घूमा।
49,hi,सेहतमंद रहने के लिए सुबह का नाश्ता बहुत जरूरी होता है।
50,hi,"दोस्तों, जब हम पृथ्वी के बारे में बात करते हैं, तो आप यह भी देख रहे होंगे कि आज आईएसए, अर्थात अंतर्राष्ट्रीय सौर गठबंधन एक बड़ा वैश्विक आंदोलन बन रहा है।"
51,hi,"इसके अलावा सलमान खान, सलीम खान, हेमा मालिनी, धर्मेंद्र, शत्रुघ्न सिन्हा आदि बॉलीवुड सितारे इस समारोह में पहुंचे।"
52,hi,"काहिल ने कहा, यह शानदार था।"
53,hi,"करणी सेना के प्रवक्ता विजेंद्र सिंह ने कहा, “राजपूत कभी भी स्कूल बस पर हमला करने के बारे में सोच भी नहीं सकते।"
54,hi,मौके पर पहुंची पुलिस ने तफ्तीश की।
55,hi,राष्ट्र पति ट्रंप ने कहा कि ईश्वर के किसी भी संतान का अंजाम इतना खौफनाक नहीं होना चाहिए।
56,hi,मेरे पास कई विकल्‍प हैं।
57,hi,लेकिन पूरी तरह से खत्म नहीं हुई.
58,hi,क्या है जेसीपीओए?
59,hi,"एक तरीका है, विश्‍वासयोग्य और सूझ - बूझ से काम लेनेवाला दास वर्ग हमें जो निर्देशन देता है, उसे मानना ।"
60,hi,टीम इंडिया के कप्तान विराट कोहली और उनकी पत्नी व बॉलीवुड स्टार अनुष्का शर्मा ने शादी के बाद अपनी पहली दिवाली खास अंदाज में मनाई।
61,hi,"उस साल, कोलकर के एक दल ने राजा को लगभग पकड़ ही लिया था, लेकिन एक कुरुम्बा गार्ड के समय पर चेतावनी देने से वे बच गये।"
62,hi,इस कारण चोटें लगी थीं।
63,hi,मुख्यमंत्री प्रेम सिंह तमांग सहित 15 उम्मीदवारों के भाग्य का फैसला कल होगा।
64,hi,"मुंबई, 19 जून (आईएएनएस)।"
65,hi,"हींग, राई, कढ़ी पत्ता, अदरक प्यूरी व हरी मिर्च डालें।"
66,hi,ओडिशा के मुख्यमंत्री नवीन पटनायक ने आर्सेलरमित्तल समूह के चेयरमैन लक्ष्मी मित्तल से राज्य में निवेश पर वीडियो कॉन्फ्रें सिंग के जरिए चर्चा की।
67,hi,घमंडचंद के समय में कांगड़ा का प्रसिद्ध किला मुस्लिम सूबेदार नवाब सैफ हिमाचल प्रदेश अली खान के हाथों में रहा जो अक्सर परिस्थितियों के अनुसार दिल्ली और काबुल के प्रति बारी बारी अपनी निष्ठा जताता रहता था।
68,hi,एडुल्जी समिति के गठन के खिलाफ थी और चाहती थी कि आरोपों के आधार पर जौहरी को बर्खास्त किया जाए जबकि राय का मानना था कि प्राकृतिक न्याय के सिद्धांत के अनुसार किसी कार्रवाई से पहले जांच जरूरी है.
69,hi,इस निर्णय से आर्थिक इस्तेमाल के लिए बांस को काटने संबंधी अनुमति लेने की आवश्यकता नहीं होगी। इस फैसले को प्रधानमंत्री श्री नरेन्द्र मोदी की अध्यक्षता में सम्पन्न होने वाली मंत्रिमंडल की बैठक में मंजूरी दी गई।
70,hi,"पवन कुमार गुप्ता के पिता हीरा लाल गुप्ता की शिकायत में कुछ हालिया खबरों का जिक्र किया गया, जिनमें आरोप लगाया गया कि चश्मदीद ने कई समाचार चैनलों पर इंटरव्यू के लिए पैसे लिये।"
71,hi,नियमित रूप से व्यायाम आदि को दिनचर्या का हिस्सा बनाने का।
72,hi,"केन्‍द्रीय गृह सचिव श्री राजीव गाबा ने मानसून सीजन के दस्‍तक देने से पहले अग्रिम योजना बनाने के साथ-साथ मानव, भौतिक एवं वित्‍तीय संसाधनों की तैनाती के जरिए अपनी बेहतर तैयारियां सुनिश्चित करने के लिए राज्‍यों और केन्‍द्र शासित प्रदेशों का आह्वान किया है"
73,hi,लोगों की भीड जमा होने लगी।
74,hi,यह एक प्रकार की चुनौती है कि किस प्रकार एक अच्छे विचार का विवेचन करें.
75,hi,"इसलिए, तापमान यह नहीं जानता कि कौन अच्छा है और कौन है।"
76,hi,"ट्रंप ने ट्वीट किया, ‘यह कल्पना के परे है कि सरकार एक वकील के कार्यालय (सुबह) में पहुंच जाएगी – ऐसा शायद ही कभी सुना."
77,hi,फिल्म की कहानी काफी रोचक व दिलचस्प है।
78,hi,पटकथा : श्याम बेनेगल
79,hi,किसी बैंक या व्यक्ति से ऋण प्राप्त कर सकती है.
80,hi,"प्रधानमंत्री मोदी ने ट्वीट कर कहा, ‘अयोध्या पर सुप्रीम कोर्ट का जो भी फ़ैसला आएगा, वह किसी की हार-जीत नहीं होगा।"
81,hi,कर रहे हैं.
82,hi,अगला जो हुआ वह ये कि मिस्टर इंडिया मेरे बगल में बैठे हैं और मैं उनके साथ काम कर रही हूं।
83,hi,"मुस्लिम राष्ट्रीय मंच के अवध क्षेत्र के संयोजक अनिल कुमार सिंह बताते हैं, ‘यात्रा कि लिए इस्तेमाल होने वाला रथ बिलकुल राममंदिर के मॉडल पर बन रहा है."
84,hi,बीते दिनों रोनाल्डो ने जोसेफ बिकान के 759 गोलों के रिकॉर्ड को पीछे छोड़ दिया।
85,hi,बाद में उसे अस्पताल ले जाया गया और इलाज किया गया।
86,hi,"खारी खीजडीया गाँव के लोगों का मुख्य व्यवसाय खेती, खेतमजूरी, पशुपालन और रत्नकला कारीगरी है।"
87,hi,उन्हें तकनीक से दूर रहना चाहिए और पढ़ाई पर ध्यान देना चाहिए.
88,hi,इसके दोषियों को बख्‍शा नहीं जाएगा।
89,hi,सेवा की बुकिंग करने वाला यात्री रेल यात्री सेवक को सत्‍यापन के उद्देश्‍य से अपना पीएनआर बताएगा ।
90,hi,डीजल-पेट्रोल की बढ़ी कीमतों की वजह से लोग त्रस्त हैं।
91,hi,सिवाय उनके जो तेरे चुने हुए बन्दे होंगे।
92,hi,कराधान के दायित्व से बचने की कार्रवाई।
93,hi,तो यह अच्छी बात है।
94,hi,राजीव गोयल को एएफएस का सीएफओ नियुक्त किया जाएगा।
95,hi,उन्हें इंडियन प्रीमियर लीग के दौरान मामूली हैमस्ट्रिंग चोट लग गयी थी।
96,hi,प्रवर्तन निदेशालय के मुताबिक हरियाणा के पंचकुला स्थित प्लाट को जब्त किया गया है जिसे हरियाणा के पूर्व मुख्यमंत्री भूपेंद्र सिंह हुड्डा की ओर से एसोसिएटेड जर्नल्स लिमिटेड को यह संपत्ति आवंटित की गई थी।
97,hi,भारत एपीजी और एफएटीएफ दोनों का सदस्य है।
98,hi,"वाकई, यहोवा पर भरोसा रखने से हमें किसी भी बात की चिंता करने की ज़रूरत नहीं । ”"
99,hi,मंत्रालय ने कहा कि उड़े देश का आम नागरिक यानी उड़ान योजना के तहत अब तक कुल 766 मार्गों को मंजूरी दी गई है।
100,hi,किन्तु जो लोग आख़िरत पर ईमान नहीं रखते वे इस मार्ग से हटकर चलना चाहते है
101,hi,एनीमिया एवं अन्य बीमारियां विशेष रूप से महिलाओं और युवा लड़कियों में बहुत थी।
102,hi,हादसे के बाद से अज्ञात वाहन चालक वाहन को लेकर मौके से फरार हो गया।
103,hi,प्रधानमंत्री श्री नरेन्द्र मोदी ने कर्नाटक के मुख्यमंत्री श्री बी एस येदियुरप्पा के साथ राज्य के विभिन्न हिस्सों में बारिश और बाढ़ की स्थिति पर बातचीत की।
104,hi,"“स्वयंसेवकों को मेहनताना नहीं दिया जाने का कारण यह नहीं कि वे मूल्यहीन होते हैं, बल्कि यह है कि वे अमूल्य होते हैं. ”-शैरी एंडरसन"
105,hi,यहोवा के वादों पर विश्‍वास कीजिए
106,hi,हर बार ये …
107,hi,बोलने में सब्र ” दिखाइए ।
108,hi,सोसायटी ऑफ इंडियन ऑटोमोबाइल मैन्‍यूफैक्‍चरर्स (सियाम) इस ऑटो एक्‍सपो का आयोजन ऑटोमोटिव कम्‍पोनेंट मैन्‍यूफैक्‍चरर्स एसोसिएशन ऑफ इंडिया (एकमा) और कन्‍फेडरेशन ऑफ इंडियन इंडस्‍ट्री (सीआईओ) के साथ मिलकर कर रही है।
109,hi,’ वह चीख़ी।
110,hi,"उपराष्ट्रपति, श्री एम वेंकैया नायडू ने छात्रों से नकारात्मकता छोड़कर रचनात्‍मक दृष्टि विकसित करने का आग्रह किया है।"
111,hi,ऐसे में उसे अभी लंदन की जेल में दिन गुजरने होंगे.
112,hi,"यह ध्यान में रखते हुए कि फसल खंड जीवीए कंप्यूटेशन का एक प्रमुख घटक हैं, इसका प्रदर्शन बहुत महत्वपूर्ण है।"
113,hi,इन दोनों अवस्थाओं में आराम पहुंचाने के लिये आपका डाक्टर आप को दर्द नाशक अन्य दवाईयों का नुस्खा लिख कर दे सकता है या सर्जन या अन्य विशेषग्य से आप की सहायता करने को कह सकता है.
114,hi,सूचना प्रौद्योगिकी मंत्री प्रसाद ने हालांकि कहा कि सिर्फ एक चुनौती पेश करने के कारण सोशल मीडिया को प्रतिबंधित करना बुद्धिमानी नहीं होगी क्योंकि सोशल मीडिया आम आदमी की जानकारी बढ़ाकर और उसकी प्रश्न करने की क्षमता बढ़ाकर उसे सशक्त भी कर रहा है।
115,hi,डेटा अखंडता और सुरक्षा इलेक्ट्रॉनिक कॉमर्स के लिए बहुत गर्म और अहम मुद्दे हैं।
116,hi,’’ यही उक्ति उन्होंने आगे चलकर कई बार दोहराई।
117,hi,और (मुसलमानों) ये लोग ख़ुदा की क़सम खाएंगे फिर वह तुममें ही के हैं हालॉकि वह लोग तुममें के नहीं हैं मगर हैं ये लोग बुज़दिल हैं
118,hi,"’’ सोरेन ने कहा, ‘‘सभी के सहयोग से हम कोरोना को हरायेंगे।"
119,hi,उन्होंने अपने दोस्तों के साथ की फोटोज इंस्टाग्राम स्टोरी में शेयर की।
120,hi,मई 2011 से एफसीआरए प्रभावी
121,hi,"बीते बुधवार को गांव के रहने वाले दबंग सोनू, अभिषेक और देवेन्द्र ने दलित परिवार पर ताबड़तोड़ फायरिंग कर दी थी।"
122,hi,उच्च-तुंगता पर कीट जीवन इस मायने में भी अद्भुत है कि वहां बिना पंख के और न उड़ने वाले कीटों की प्रमुखता है.
123,hi,वह नि:संदेह सर्वश्रेष्ठ है।
124,hi,"UN में भारत ने पाक को लिया आड़े हाथ, कहा- आतंकवाद पर पाकिस्तानी मानसिकता में बदलाव जरूरी Description: भारत ने सुरक्षा परिषद से कहा है कि आतंकवाद पर पाकिस्तान की मानसिकता बदलने की जरूरत है। Times Now"
125,hi,यह मठ कुल्‍लू से 10 किमी
126,hi,"वह आज (11 दिसम्बर, 2012) विज्ञान भवन, नई दिल्ली में भारतीय उद्योग परिसंघ के सहयोग से कृषि मंत्रालय द्वारा आयोजित सार्वजनिक-निजी साझीदारी के माध्यम से भारतीय कृषि में दूसरी हरित क्रांति पर राष्ट्रीय सम्मेलन के उद्घाटन के अवसर पर बोल रहे थे।"
127,hi,बाद में इस रिपोर्ट को सोशल मीडिया में भी व्यापक रूप से प्रसारित किया गया।
128,hi,मिस्र और रोम में गुलामों के साथ बहुत बुरा सलूक किया जाता था ।
129,hi,इसका प्राथमिक उपचार एपिनेफ्रीन है।
130,hi,क्वॉलिटी टाइम
131,hi,इस सब के पीछे अतिमहत्वपूर्ण लक्ष्य यह है कि देश के शहरी क्षेत्रों के समान ग्रामीण कृषि समुदायों को बैंकिंग की सभी नई सुविधाओं का इस्तेमाल करने में सक्षम बनाना है ताकि एक नकदीरहित वातावरण का निर्माण किया जा सके.
132,hi,क्या कहा!
133,hi,"इसलिए यहोवा जब सुधारने के लिए अनुशासन देता है, तो उसका मकसद सिर्फ दंड देना नहीं होता ।"
134,hi,मलेशिया अपने पड़ोसी देश इंडोनेशिया के बाद दूसरा सबसे बड़ा पाम तेल उत्पादक है।
135,hi,"जबकि, जिस क्षण आपको वह क्षण मिला, उस उच्च अम्ल में घुलनशील और स्थिर स्थिर प्रोटीन थे, जो दूध के झाग के लिए जिम्मेदार हैं।"
136,hi,चीनी के बिना आप क्या करेंगे?
137,hi,जब उसे उसके गुंडे होने की बात पता चलती है तो वो उसके साथ रिश्ता तोड़ देती है।
138,hi,महिला की प्रसव से पहले मौत
139,hi,"चीन का तर्क है कि भारत एनएसजी में प्रवेश पाने की योग्यता नहीं रखता, क्योंकि उसने एनपीटी (परमाणु अप्रसार संधि) पर हस्ताक्षर नहीं किए हैं।"
140,hi,घर पर पेंट किया हुआ था जिसका मतलब है कि लोग लंबे समय से वहां रह रहे थे।
141,hi,बैठक में शीला कैबिनेट के सभी छह मंत्री मौजूद थे.
142,hi,आगे भी मैं आता रहूंगा।
143,hi,"तो जब तुम काफिरों से भिड़ो तो (उनकी) गर्दनें मारो यहाँ तक कि जब तुम उन्हें ज़ख्मों से चूर कर डालो तो उनकी मुश्कें कस लो फिर उसके बाद या तो एहसान रख (कर छोड़ दे) या मुआवेज़ा लेकर, यहाँ तक कि (दुशमन) लड़ाई के हथियार रख दे तो (याद रखो) अगर ख़ुदा चाहता तो (और तरह) उनसे बदला लेता मगर उसने चाहा कि तुम्हारी आज़माइश एक दूसरे से (लड़वा कर) करे और जो लोग ख़ुदा की राह में यहीद किये गए उनकी कारगुज़ारियों को ख़ुदा हरगिज़ अकारत न करेगा"
144,hi,ऐसे में अभी पुलिस जांच की जा रही है।
145,hi,इसके बाद उनकी स्थिति में सुधार आने लगा था.
146,hi,नरगिस बॉलीवुड की कई फिल्मों में काम कर चुकी हैंl उन्होंने रणबीर कपूर के साथ फिल्म रॉकस्टार में भी काम किया थाl
147,hi,वह उसके साथ किराये के मकान में रहती थी।
148,hi,साथ ही परिजनों और रिश्तेदारों को घटना की सूचना दे दी है.
149,hi,इसमें एक तेज रफ्तार ट्रेन पटरी पार करहि गाड़ी से टकरा गई।
150,hi,इससे कीमतों में आगे और कमी लाने में मदद मिलेगी।
151,hi,फिल्म में उनके अपोजिट सुशांत सिंह राजपूत नजर आए थे.
152,hi,मैं तुम्हें इतना प्यार करता हूं कि अगर तुम जीवित न रहीं तो भी तुम मेरे लिए जीवित रहोगी।
153,hi,बाकी सब बहाने हैं.
154,hi,लगातार बारिश होने से रोड और रेल नेटवर्क पर काफी असर पड़ा है।
155,hi,"यदि चाकू निकाले, तो इस्तेमाल करना होगा."
156,hi,प्रदेश में कानून व्यवस्था की दयनीय स्थिति चिंता का विषय है।
157,hi,"इस प्रदर्शनी का शुभारंभ 22 से 31 दिसम्‍बर, 2015 तक सभी दिवसों में सुबह 11 बजे से सांय 8 बजे तक होगा।"
158,hi,बिहार के रोडरेज केस में मुख्य आरोपी रॉकी यादव समेत चार आरोपी दोषी करार।
159,hi,पढ़ें: नीरव मोदी की गिरफ्तारी से उछले PNB के शेयर
160,hi,आखिरकार अर्पिता खान से अर्पिता खान शर्मा हो ही गईं सलमान की बहन।
161,hi,आसपास के रास्तों को बंद कर दिया गया।
162,hi,और जब लोग इकट्ठे किए जाएँगे तो वे उनके शत्रु होंगे औऱ उनकी बन्दगी का इनकार करेंगे
163,hi,"कोरिया में रूस, जापान, फ्रांस और अमेरिका के राजनीतिक अतिक्रमण से प्रभावित हो कर, इस संक्षिप्त अवधि ने सैनिक, अर्थव्यवस्था, भू संपत्ति कानून, शिक्षा प्रणाली और विभिन्न उद्योगों के आंशिक रूप से सफल आधुनिकीकरण को देखा."
164,hi,सैटेलाइट इमेज से पता चलता है कि चीन गलवान नदी पर बांध बना रहा है
165,hi,प्रधानमंत्री मोदी ने सोशल मीडिया के जरिये गंदगी ना फैलाने की अपील की | PM narendra Modi says Social media should not be used to spread dirt - Hindi Oneindia
166,hi,"परिवहन और संचार क्षेत्रों में व्यावसायिक वाहनों, प्रमुख बन्दरगाहों पर सामान लादने-उतारने, नागर विमानन द्वारा सामान लादने-उतारने, नागर विमानन द्वारा यात्रियों की आवाजाही और टेलीफोन कनेक्शनों के समूचे भंडार के मामले में पिछले वर्ष की पहली तिमाही की तुलना में 2009-10 की आलोच्य अवधि के दौरान (-) 19.18 प्रतिशत, 1.9 प्रतिशत, (-) 5.6 प्रतिशत, (-) 4.7 प्रतिशत और 42.7 प्रतिशत विकास दरें दर्ज की गई हैं।"
167,hi,"मैं कामना करता हूं कि यह प्रकाशोत्सव हमारे जीवन में शांति, समृद्धि और आनंद का सृजन करें।"
168,hi,बाहर हो गयीं।
169,hi,एक तरह लेकिन आप बॉक्स.
170,hi,"राजस्थान, उत्तराखंड, महाराष्ट्र, अंडमान और निकोबार दीप समूह, असम, त्रिपुरा"
171,hi,"करीना कपूर, सोनाक्षी सिन्हा, कंगना राणाउत, दीपिका पादुकोण ने नियोन रंग की ड्रेसेज को फिल्मों में जबरदस्त तौर पर पहना और हिट करा दिया।"
172,hi,छापेमारी के दौरान उसने कई दस्तावेज जब्त किए थे।
173,hi,"और जब तुम उस के अंदर देखो, तुम 7 प्लस 3 3 बार।"
174,hi,कर्नाटक डिफेंडिंग चैंपियन थे।
175,hi,रोमांचक मुकाबले में भारत ने अफगानिस्तान को 11 रन से हराया
176,hi,उसने समाचार पत्र में समाचार प्रकाशित करवाया।
177,hi,17th Lok Sabha First session begins today:  17वीं लोक सभा का पहला सत्र सोमवार को शुरू हो गया.
178,hi,"डॆबरा कहती है: “जब मैं 22 साल की थी, तब मुझे एक बहुत बड़ा फैसला करना था । ”"
179,hi,मोबाइल नंबर अपडेट करवाने के लिए
180,hi,"लेकिन जैसे-जैसे शाम ढ़लने लगी, कुछ बिन बुलाए मेहमान आ धमके."
181,hi,"मुझे वो हासिल करने में अभी लंबा वक्त तय करना है, लेकिन मैं कोशिश कर रही हूं।"
182,hi,"मगर आत्मा से अभिषिक्‍त होने से किसी को बढ़िया समझ हासिल नहीं होती, क्योंकि पौलुस को कुछ अभिषिक्‍त मसीहियों को कई बातें सिखानी पड़ीं और ताड़ना देनी पड़ी ।"
183,hi,यह कहा था मंत्री ने
184,hi,इसके बाद उन्होंने उसे निर्वस्त्र कर दिया.
185,hi,नए फ़ोल्डर के लिए डिफ़ॉल्ट के रूप में प्रयोग करें@ info
186,hi,कीमत 40 रूपये है।
187,hi,सरकार की और से इसपर अभी कोई प्रतिक्रिया नहीं मिल पाई है।
188,hi,इस एक्शन-थ्रिलर फिल्म के संवाद और स्क्रीनप्ले जावेद अख्तर तथा सलीम खान की जोड़ी ने लिखे थे।
189,hi,ग्वार बीज में देश के पहले एग्री-कमोडिटी ऑप्शंस का अनावरण केंद्रीय वित मंत्री श्री अरुण जेटली द्वारा मकर संक्रांति के पावन अवसर पर किया जाएगा जो अपनी तरह का यह पहला अनोखा हेजिंग टूल है और यह किसानों के लिए बेहद महत्वपूर्ण बदलाव लाने में सहायक साबित होगा
190,hi,"केवल परवर्ती घटक जिसे अल्फा द्वारा मापा जाता है, प्रबंधक के सच्चे प्रदर्शन के मूल्यांकन की अनुमति देता है (लेकिन तभी जब आप यह मान लें कि कोई भी बहिर्प्रदर्शन कौशल की वजह से न कि भाग्य से हुआ है). कारक मॉडलों का इस्तेमाल करके पोर्टफोलियो प्रतिफल का मूल्यांकन किया जा सकता है।"
191,hi,भारत भूटान और उसके हितों के प्रति संवेदनशील है और रहेगा।
192,hi,"राफेल पर 'सुप्रीम फैसले' के बाद BJP ने राहुल गांधी और कांग्रेस के खिलाफ खोला मोर्चा, कहा-माफी मांगें राहुल"
193,hi,"एक अधिकारी ने कहा, 'हमारे सैनिकों ने प्रभावी और दृढ़ता से जवाबी कार्रवाई की।"
194,hi,उन्होने कहा कि कम पढ़े लिखे युवाओं के लिए ड्राइवर स्किल प्रोग्राम भी शुरू किया गया है।
195,hi,"वरिष्ठ कांग्रेस नेता राहुल गांधी और प्रियंका गांधी की अगुआई में एक प्रतिनिधिमंडल एनएचआरसी के शीर्ष अधिकारियों से मिला और 31 पृष्ठ की व्यापक प्रस्तुति सौंपी, जिसमें राज्य में कथित अत्याचार और मानवाधिकार उल्लंघनों के सबूत के रूप में वीडियो और तस्वीर शामिल हैं।"
196,hi,"प्रधानमंत्री आवास योजना 2022 तक सभी को किफायती आवास उपलब्ध कराने का कार्यक्रम है, जिनमें से प्रत्येक आवास शौचालय, बिजली के कनेक्शन, एलपीजी, पेयजल से युक्त होगा और सभी का जनधन योजना के तहत बैंक खाता होगा"
197,hi,"माल्या के खिलाफ इस दावे में भारतीय स्टेट बैंक, बैंक ऑफ बड़ौदा, कारपोरेशन बैंक, फेडरल बैंक लिमिटेड, आईडीबीआई बैंक, इंडियन ओवरसीज बैंक, जम्मू एंड कश्मीर बैंक, पंजाब एंड सिंध बैंक, पंजाब नेशनल बैंक, स्टेट बैंक ऑफ मैसूर, यूको बैंक, यूनाइटेड बैंक ऑफ इंडिया और जेएम फाइनेंशियल एसेट रीकंस्ट्रक्शंस कंपनी प्राइवेट लिमिटेड सूचीबद्ध आवेदक हैं."
198,hi,श्री भक्त एक वरिष्ठ सांसद थे जो लोगों की भावनाओं को समझते थे।
199,hi,उनकी हत्या के मामले की पुलिस जांच चल रही है.
0,ml,"തൊഴില്‍ നഷ്ടപ്പെട്ടവര്‍, രോഗബാധിതര്‍, സന്ദര്‍ശന വിസയിലെത്തി കുടുങ്ങിയവര്‍, ഗര്‍ഭിണികള്‍, പ്രായമായവര്‍, ആശ്രിതരുടെ മരണത്തെ തുടര്‍ന്ന് നാട്ടിലേക്ക് മടങ്ങുന്നവര്‍ തുടങ്ങിയവരായിരുന്നു യാത്രക്കാര്‍."
1,ml,പുനരുല്‍പ്പാദന ഈര്‍ജ്ജ മേഖലകളില്‍ ഗവണ്‍മെന്റ് മത്സരാധിഷ്ഠിത ലേലം കൊണ്ടുവരിക വഴി ഉപഭോക്താക്കള്‍ക്ക് താങ്ങാവുന്ന നിരക്ക് ഉറപ്പു വരുത്തി.
2,ml,മുഖ്യമന്ത്രി എന്ന പദവിയില്‍ തന്നെ കെട്ടിയിടാന്‍ താന്‍ ആഗ്രഹിക്കുന്നില്ലെന്നും.
3,ml,‘‘ഇതെപ്പിടിയാവുമോ എന്തോ?
4,ml,വിദേശകാര്യ സഹമന്ത്രി വി മുരളീധരന്‍ ലോക്‌സഭയില്‍ വ്യക്തമാക്കിയതാണ് ഇക്കാര്യങ്ങൾ.
5,ml,ദേശാഭിമാനി പത്രത്തിൻറെ ലേഖികയായി പ്രവർത്തിച്ചു.
6,ml,ഇത്തവണ അങ്ങനെയല്ലെന്നുള്ള സന്തോഷമുണ്ട്.
7,ml,രണ്ടാമൂഴത്തിൽ മോദി ആദ്യം പോകുക മാലദ്വീപിലേക്ക്
8,ml,പല കാരണങ്ങള്‍
9,ml,പത്തര കോടി രൂപയുടെ അഴിമതി നടന്നതായാണ് ആരോപണം.
10,ml,മലപ്പുറത്തെ പ്രതിഷേധ സംഗമം ഉദ്ഘാടനം ചെയ്യുന്നത് പ്രതിപക്ഷ നേതാവ് രമേശ് ചെന്നിത്തലയാണ്.
11,ml,എന്നാല്‍ വിദേശികള്‍ ആരുമുണ്ടായിരുന്നില്ല.
12,ml,"അങ്ങനെ ഈ കേസിൽ, നടത്തിയിട്ടില്ല സംഭവിച്ചില്ല."
13,ml,"സീനത്ത്, എന്‍എസ്എസ് പ്രോഗ്രാം ഓഫീസര്‍ ശ്രീ ബാലാജി എം.എന്‍., വര്‍ക്ക്‌ഷോപ്പ് ഫോര്‍മാന്‍ ശ്രീ നാരായണ്‍ എന്നിവര്‍ പ്രസംഗിച്ചു."
14,ml,ആളുകള്‍ക്കു ചിരിക്കാന്‍ നല്ലരസം.
15,ml,ആരുടെകൂടെ ആയിരിക്കും?
16,ml,അവളെപ്പോലെ ആയിരിക്കാൻ ഞാൻ എത്രമാത്രം ആഗ്രഹിച്ചെന്നോ!
17,ml,യു. എസിലെ ആദ്യ വനിത സ്ഥാനപതിയായി റീമ ബിന്‍ത് ബന്‍ദാര്‍ രാജകുമാരിയെ സൗദി അറേബ്യ പ്രഖ്യാപിച്ചു
18,ml,അവള്‍ക്ക് പറ്റില്ല.
19,ml,അദ്ദേഹമാണ് നമ്മെ നയിച്ചുകൊണ്ടിരിക്കുന്നത്.
20,ml,സര്‍ക്കാരുണ്ടാക്കാനായി ബിജെപിയെയും ശിവസേനയെയും എന്‍സിപിയെയും ഗവര്‍ണര്‍ ക്ഷണിച്ചിരുന്നു.
21,ml,"മഹാത്മാ ഗാന്ധിയുടേതല്ല, രാഹുല്‍ ഗാന്ധിയുടെ കോണ്‍ഗ്രസാണ് ഇന്നുള്ളത്."
22,ml,അത് തോന്നിയ പോലെ എളുപ്പമല്ല ചെയ്ക.
23,ml,എന്നാല്‍ തിരഞ്ഞെടുപ്പില്‍ മത്സരിക്കുന്നത് വിജയിക്കാന്‍ വേണ്ടി മാത്രമല്ല.
24,ml,ഇയാളെപ്പോലുള്ള ആരെങ്കിലും നിങ്ങളുടെ അറിവിലുണ്ടോ?
25,ml,പിന്നെ ആരാണത് കഴുകുക?
26,ml,ചിലപ്പോൾ ഇടയൻ കൂടുതൽ ക്ഷമയും ആർദ്രതയും പ്രകടമാക്കേണ്ടത്‌ ആവശ്യമായിരുന്നത്‌ എന്തുകൊണ്ട്?
27,ml,എന്നാൽ അത് നമുക്കറിയില്ല മേയും.
28,ml,തമ്മില്‍ പരിചയപ്പെടുന്നത്.
29,ml,എന്ന വിഷയത്തിലായിരുന്നു ചർച്ച നടന്നത്.
30,ml,കാറും .
31,ml,"തീർച്ചയായും, എന്തെന്നാൽ ദൈവവചനം എല്ലായ്‌പോഴും നിവൃത്തിയേറുന്നു."
32,ml,കുടുംബ പ്രേക്ഷകര്‍ക്ക് ഈ സിനിമ വളരെയധികം ഇഷ്ടപെടുമെന്ന് തന്നെ ഞാന്‍ വിശ്വസിക്കുന്നു.
33,ml,ഗ്രീക്കുകള്‍ക്കിടയില്‍ എന്തോ കലഹം ഉണ്ടായിരിക്കും.
34,ml,ഇതിനാൽ ഇതുപയോഗിച്ച് നിർമ്മിക്കുന്ന മരുന്നിന് വിലയേറുകയും ചെയ്യുന്നു.
35,ml,"പദ്ധതി ഉദ്ഘാടനത്തിനു ശേഷം ഗുണഭോക്താക്കളുടെ രജിസ്‌ട്രേഷനും, ജിയോ ടാഗിങ്ങിനും അക്കൗണ്ട് വേരിഫിക്കേഷനും കുറച്ച് മാസങ്ങള്‍ കൂടി വേണ്ടി വന്നു."
36,ml,ഇന്ത്യക്കായി ദീപ്തി ശർമ രണ്ട് വിക്കറ്റുകൾ വീഴ്ത്തി
37,ml,ഈ പ്രദേശത്ത് പല വീടുകളിലും മോഷണ ശ്രമം നടന്നതായി നാട്ടുകാര്‍ പറഞ്ഞു.
38,ml,പിന്നീട് ദില്ലിയിലും മുംബൈയിലുമായി രണ്ടു വിവാഹസൽക്കാരങ്ങളും ഗംഭീരമായി നടന്നു.
39,ml,ഈയൊരു പ്രോഗ്രാമിൽ പങ്കെടുത്ത് വിജയകരമാക്കാൻ ഞങ്ങളോട് സഹകരിച്ച എല്ലാവർക്കും നന്ദി.
40,ml,ഇന്ത്യയുടെ ആദ്യത്തെ സംയുക്ത സേനാ മേധാവിയായി ജനറൽ ബിപിൻ റാവത്ത് ചുമതലയേറ്റു
41,ml,സംഭവത്തില്‍ മുഖം നോക്കാതെയുള്ള ശക്തമായ നടപടിയുണ്ടാകുമെന്നും അദ്ദേഹം വ്യക്തമാക്കി.
42,ml,"ജാതി, മത, വര്‍ഗഭേദമില്ലാതെ എല്ലാ പൗരന്‍മാരേയും ഉള്‍ക്കൊള്ളുന്നതാണ് ഇന്ത്യയുടെ ഭരണഘടന."
43,ml,”എനിക്ക് ചെന്നൈയെക്കുറിച്ച് ഓര്‍മയുണ്ട്.
44,ml,മുറിയില്‍ പിടിവലിയോ മറ്റോ നടന്നതിന്റെ ലക്ഷണമില്ലെന്ന് പോലീസ് പറഞ്ഞു.
45,ml,വൈറ്റ് ഹൗസിന് സമീപത്തെ തെരുവിന് ബ്ലാക്ക് ലൈവ്‌സ് മാറ്റര്‍ പ്ലാസ എന്ന് പുനര്‍നാമം നല്‍കി മേയര്‍
46,ml,ഇതേക്കുറിച്ച് നിരവധി ആക്ഷേപങ്ങള്‍ ഉണ്ടായിട്ടുണ്ട്.
47,ml,സമീപത്തെ സിസിടിവി ക്യാമറകള്‍ കൃത്യമായി പ്രവര്‍ത്തിച്ചിരുന്നില്ല എന്നാണ് അപകടശേഷം പൊലീസ് പറഞ്ഞിരുന്നത്.
48,ml,വ്യത്യസ്ത വേഷങ്ങള്‍
49,ml,"നേതാവേ, അതത്ര മാരകമൊന്നുമല്ല."
50,ml,പാകിസ്താനുമായിള്ള അമേരിക്കന്‍ സൗഹൃദത്തില്‍ വിള്ളല്‍ വീഴാന്‍ തുടങ്ങിയിട്ട് നാളുകള്‍ കുറച്ചായി.
51,ml,"എവിടെ ഭയം, നിന്ന് വന്നു?"
52,ml,ഇതിന്റെ ചിത്രങ്ങളും വീഡിയോയും സോഷ്യൽ മീഡിയയിൽ നേരത്തെ പ്രചരിച്ചിരുന്നു.
53,ml,ട്ടുള്ളത്.
54,ml,കേരളത്തിലെ കൊല്ലം ജില്ലയുടെ‍ കിഴക്കുഭാഗത്ത് സ്ഥിതി ചെയ്യുന്ന ഒരു ഗ്രാമമാണ് കുണ്ടയം.
55,ml,എവിടുന്നാ വന്നത്?
56,ml,മകന്‍റെ ബീജത്തിന്‍ മേല്‍ പിതാവിന് മൌലിക അവകാശങ്ങളില്ലെന്ന് കോടതി വ്യക്തമാക്കി.
57,ml,പോളിംഗ് ഉദ്യോഗസ്ഥര്‍ ഇത് ശരിയാക്കാനുള്ള ശ്രമത്തിലാണ്.
58,ml,'അപകടത്തിലാണ് അവന്‍ മരിച്ചത്.
59,ml,പ്രധാന തീം
60,ml,ഇത് വൻ വിജയമായി.
61,ml,സുഭാഷ് ചന്ദ്രന്‍ പറയുന്നു.
62,ml,ആഷിക് അബു അവതരിപ്പിക്കുന്ന ഒപിഎം സിനിമാസിന്റെ ബാനറില്‍ നടി റിമ കല്ലിങ്കല്‍ ആണ് ചിത്രം നിർമിക്കുന്നത്.
63,ml,വിഷയം പരിഗണിക്കാമെന്ന് മന്ത്രി ഉറപ്പുനൽകിയെന്ന് അസ്ഹരി പറഞ്ഞു.
64,ml,വൃത്തികെട്ട നായകൾ !
65,ml,എന്നാൽ ഈ വൈവിധ്യം യഹോവയ്‌ക്കു സ്വീകാര്യമാണ്‌.
66,ml,തിരുവനന്തപുരം: ലൈംഗിക പീഡനക്കേസില്‍ മുന്‍കൂര്‍ ജാമ്യം ലഭിച്ച ബിനോയ് കോടിയേരി ഡി. എന്‍. എ പരിശോധനയ്ക്ക് രക്ത സാമ്പിള്‍ നല്‍കുന്നതിനായി മുംബൈ ഓഷിവാര പൊലീസ് സ്റ്റേഷനില്‍ ഹാജരാകും.
67,ml,"യുകെയുടെ ശേഷിക്കുന്ന ഭാഗങ്ങള്‍ക്കൊപ്പം നോര്‍ത്തേണ്‍ അയര്‍ലണ്ട് യൂറോപ്യന്‍ യൂണിയന്റെ കസ്റ്റംസ് യൂണിയന്‍ വിടുമ്പോഴും ആ രാജ്യത്തെ യൂണിയന്റെ സിംഗിള്‍ മാര്‍ക്കറ്റില്‍ നിലനിര്‍ത്തുക, ഓള്‍ ഐലന്റ് റെഗുലേറ്ററി സോണില്‍ നിലകൊള്ളുന്നത് തീരുമാനിക്കുന്നതിനുള്ള വീറ്റോ അധികാരം നോര്‍ത്തേണ്‍ അയര്‍ലണ്ടിന് നല്‍കുക, അതിര്‍ത്തിയില്‍ നിന്നുമകലെ എപ്പോഴും കസ്റ്റംസ് പരിശോധനകള്‍ നടത്തും, പുതിയ മാനദണ്ഡങ്ങള്‍ നടപ്പിലാക്കുന്നതിനായി ബെല്‍ഫാസ്റ്റിനും ഡബ്ലിനും പണം നല്‍കും, യുകെയ്ക്കും അയര്‍ലണ്ടിനും ഇടയില്‍ ഫ്രീഡം ഓഫ് മൂവ്‌മെന്റ് നിലനിര്‍ത്തും, എന്നിവയാണ് ബാക്ക് സ്റ്റോപ്പിന് പകരമായി ബോറിസ് സമര്‍പ്പിച്ചിരിക്കുന്ന അഞ്ച് പോയിന്റ് മാസ്റ്റര്‍ പ്ലാനിലെ പോയിന്റുകള്‍."
68,ml,സമധാനപരമായാണ് അവര്‍ സമരം നടത്തിയിരുന്നത്.
69,ml,ബി. ജെ. പി തരംതാണ രാഷ്​ട്രീയമാണ്​ കളിക്കുന്നതെന്ന്​ കോൺഗ്രസ്​ ആരോപിച്ചു.
70,ml,അഡ്‌ലെയ്ഡിലെ ആദ്യ ടെസ്റ്റില്‍ ഒന്നാം ഇന്നിംഗ്സ് ലീഡ് നേടിയശേഷം രണ്ടാം ഇന്നിംഗ്സില്‍ വെറും 36 റണ്‍സിന് പുറത്തായാണ് ഇന്ത്യ ദയനീയ തോല്‍വി ഏറ്റുവാങ്ങിയത്.
71,ml,പുഞ്ചിരിയോടെ ഞങ്ങൾ അവർക്ക് നമസ്‌കാരം പറയും.
72,ml,സമയബന്ധിതമായി പൂർത്തീകരിക്കും.
73,ml,അവര്‍ക്ക് കാലുകളുണ്ടോ നടക്കാന്‍? കൈകളുണ്ടോ പിടിക്കാന്‍? കണ്ണുകളുണ്ടോ കാണാന്‍? കാതുകളുണ്ടോ കേള്‍ക്കാന്‍? പറയുക: നിങ്ങള്‍ നിങ്ങളുടെ പങ്കാളികളെ വിളിക്കൂ. എന്നിട്ട് എനിക്കെതിരെ തന്ത്രങ്ങള്‍ പ്രയോഗിക്കൂ. എനിക്കൊട്ടും അവധി അനുവദിക്കേണ്ടതില്ല.
74,ml,കോമഡി വേഷത്തിലെ മികച്ച അഭിനയത്തിനുള്ള എഫ്‌എൻ‌ബി ദേശീയ വീറ്റ അവാർഡ് അവർ നേടി.
75,ml,എന്നാല്‍ പിന്നീട് ഈ വേഷങ്ങളില്‍ നിന്ന് താരം ഒഴിവാക്കപ്പെട്ടു.
76,ml,കുറച്ചുവെള്ളം തളിച്ച് മീന്‍പൊടി ചെറുതായി നനയ്ക്കുക.
77,ml,രാജ്‌കോട്ടിലെ കച്ച് ജില്ലയിലെ ഭുജ് എന്ന സ്ഥലത്താണ് സംഭവം.
78,ml,"ജര്‍മ്മനി, നെതര്‍ലന്‍സ്, അര്‍ജന്റീന, ക്യാനഡ എന്നിവരുള്‍പ്പെട്ട ടീമിലാണ് ഇന്ത്യ കളിക്കുക."
79,ml,അത്‌ ദേശാഭിമാനപരമായ കടമയാണ്‌.
80,ml,മത്തായി 5: ​ 45 - ലെ തത്ത്വം നമ്മുടെ തീരുമാനത്തെ സ്വാധീനിക്കുകയില്ലേ?
81,ml,"നന്മയെ തടയുന്നവന്‍, അതിക്രമി, മഹാപാപി."
82,ml,സംഭവസ്ഥലം മുഴുവൻ പോലീസ് നിരീക്ഷണത്തിലാണ്.
83,ml,ആ വിധത്തിലും ക്രിസ്‌ത്യാനികൾ യേശു വെച്ച മാതൃക പിൻപറ്റുന്നു.
84,ml,വലിയ സാഹസമായിരുന്നു ഇത്.
85,ml,1936 ലാണ് ക്ഷേത്രം നിര്‍മിക്കപ്പെട്ടത്
86,ml,ജീരകം - അര സ്പൂൺ.
87,ml,"‘അസ്വസ്ഥത’ എന്ന വാക്കിൽ അ,സ്വ,സ്ഥ,ത എന്നിങ്ങനെ നാല് അക്ഷരങ്ങളാണുള്ളത്."
88,ml,കൂടുതല്‍ ഇന്ധനചെലവിലേയ്ക്കും ഇത് വഴിവെച്ചു.
89,ml,Home > ഇന്ത്യ > ജസ്റ്റിസ് രഞ്ജൻ ഗൊഗോയ് .
90,ml,അതാളുകള്‍ കൂടുതല്‍ വാങ്ങും.
91,ml,മൂന്നാഴ്ചയ്ക്കിടെ മൂന്നാമത്തെ സംഭവമാണിത്.
92,ml,പാലക്കാട് കരുണ മെഡിക്കല്‍ കോളേജ്
93,ml,മുത്തശ്ശി മരിച്ചു.
94,ml,നീ കാണുന്നില്ലേ. അല്ലാഹു മാനത്തുനിന്നു മഴ വീഴ്ത്തുന്നത്? അതുവഴി ഭൂമി പച്ചപ്പുള്ളതായിത്തീരുന്നു. അല്ലാഹു എല്ലാം സൂക്ഷ്മമായി അറിയുന്നവനും തിരിച്ചറിവുള്ളവനുമാണ്.
95,ml,ഫലം നമ്മുടെ പ്രശ്‌നമല്ല.
96,ml,മുംബൈ: ഇന്ത്യന്‍ ക്രിക്കറ്റ് ടീമിന്റെ അഭിവാജ്യ ഘടകമാണ് രോഹിത് ശര്‍മ
97,ml,3 ഇടത്തരം ബൾബ് ഉള്ളി.
98,ml,തെറ്റായ പ്രചാരണങ്ങളാണ് ഇവര്‍ നടത്തിക്കൊണ്ടിരിക്കുന്നത്.
99,ml,20 -‍ാ‍ം നൂറ്റാണ്ടിന്‍റെ ആരംഭത്തിൽ മാത്രമാണ്‌ രക്തപ്പകർച്ച എന്ന ചികിത്സാരീതി സർവസാധാരണമായി തീർന്നത്‌.
100,ml,16ആം വയസ്സിൽ സിനിമയിൽ അഭിനയം തുടങ്ങിയ ഷക്കീലയുടെ സംഭവബഹുലമായ ജീവിതകഥയാണ് ചിത്രത്തിൽ പറയുന്നത്.
101,ml,അതിനായാണ് പ്രവര്‍ത്തിക്കുന്നത് -അദ്ദേഹം വിശദീകരിച്ചു.
102,ml,നിരവധി പേർ സഹായവുമായി എത്തി.
103,ml,"എന്നാല്‍, സ്ത്രീകളെ അപകീര്‍ത്തിപ്പെടുത്തിയതിന് അദ്ദേഹം ക്ഷമ ചോദിച്ചില്ല."
104,ml,എനിക്ക് വ്യക്തിപരമായ ഒരു താല്‍പ്പര്യവുമില്ല.
105,ml,"‘‘ഇന്ത്യയിലെ സംസ്ഥാന രാഷ്​ട്രീയത്തിൽ, പ്രത്യേകിച്ച്​ ബിഹാറിൽ ഗവർണറുടെ പങ്കിനെ കുറിച്ച്​ വിമർശനാത്മകമായി വിലയിരുത്തുക."
106,ml,എന്നാൽ ഇതുവരെ പോലും വിൽപ്പന ആരംഭം ആരംഭിച്ചില്ല.
107,ml,സ്ക്രീൻ കുറയ്ക്കാൻ
108,ml,മുല്ലപ്പെരിയാര്‍: കനത്ത മഴയില്‍ ജലനിരപ്പ് 140 അടിയിലേക്ക്
109,ml,"പിന്നീട് തുക 60,000 രൂപയായി ഇവർ കുറച്ചു."
110,ml,"ഒലിന്ദേഴ്സ്, സൈപ്രസ്, മാതളനാരകം, ഒലീവ്, ചെസ്റ്റ്നട്ട്, മരങ്ങൾ എന്നിവയെ ഇവിടെ കാണാൻ കഴിയും."
111,ml,അവിടെനിന്നു നടക്കണം.
112,ml,പൊലീസിനോട് ഇത് അറിയിച്ചിട്ടും നടപടി ഉണ്ടായിരുന്നില്ല.
113,ml,നിര്‍മാണം നടന്നുവരുന്നു.
114,ml,ആ ദിവസങ്ങള്‍ വളരെ അമൂല്യമായിരുന്നു.
115,ml,ഇത് നാടിന് ആവശ്യമാണ്.
116,ml,അവരും തളർന്നു കാണും.
117,ml,റവന്യൂമന്ത്രിയും ചീഫ് സെക്രട്ടറിയും ഉന്നത ഉദ്യോഗസ്ഥരും യോഗത്തില്‍ പങ്കെടുത്തു.
118,ml,നിന്റെ ചട്ടങ്ങളെ ഇടവിടാതെ എന്നേക്കും ആചരിപ്പാന്‍ ഞാന്‍ എന്റെ ഹൃദയത്തെ ചായിച്ചിരിക്കുന്നു.സാമെക്
119,ml,ഇന്ത്യ കിരീടം ചൂടിയ 2007ലെ ടി20 ലോകകപ്പിലും 2013ലെ ചാംപ്യൻസ് ട്രോഫിയിലും ധോണി നയിച്ച ടീമിന്റെ ഭാഗമായിരുന്നു പഠാൻ.
120,ml,പലതവണ ഇവര്‍ ഇതുസംബന്ധിച്ച് പോലീസിന് പരാതി നല്‍കിയിരുന്നു.
121,ml,നിലവിൽ 87 പേരാണ് ഇവിടെ ചികിത്സയിലുള്ളത്.
122,ml,മോഷ്ടിക്കുന്നയാൾ കള്ളൻ തന്നെയാണ്.
123,ml,പൊങ്കലിനാണ് ചിത്രം റിലീസാവുന്നത്.
124,ml,രൂപം ചരിത്രം തികച്ചും വ്യത്യസ്തമാണ്.
125,ml,"ഈ മധുരപലഹാരം തയ്യാറാക്കുന്നതിനായി, താഴെ ചേരുവകൾ ആവശ്യമാണ്:"
126,ml,"ഹൃദയത്തിൽനിന്ന് ഒരു പുഞ്ചിരി എടുത്തണിയുക, നിങ്ങൾക്കു ധരിക്കാൻ കഴിയുന്നതിൽ ഏറ്റവും ആകർഷകമായ ഉടയാടയാണ്‌ അത്‌."
127,ml,പ്രശ്‌നം അറിഞ്ഞയുടന്‍തന്നെ ഹാക്ക് ചെയ്യപ്പെട്ട അക്കൗണ്ട് ലോക്ക് ചെയ്യുകയും ഫെയ്‌സ്ബുക്കുമായി സഹകരിച്ച് അക്കൗണ്ട് വീണ്ടെടുക്കാനുള്ള ശ്രമങ്ങള്‍ നടത്തുകയാണെന്നും ട്വിറ്റര്‍ പ്രതിനിധി പറഞ്ഞു.
128,ml,ഇയാളെ കളമശേരി ആശുപത്രിയിൽ ശസ്ത്രക്രിയക്ക് വിധേയനാക്കി.
129,ml,ഡോക്ടര്‍ കരുണയുള്ളവളായിരുന്നു.
130,ml,ബിഹാര്‍ ചീഫ് സെക്രട്ടറിയുടെ അനുഭവം കേരളാ ചീഫ് സെക്രട്ടറിയ്ക്ക് ആരെങ്കിലും പറഞ്ഞ് മനസ്സിലാക്കി കൊടുക്കണമെന്നും അദ്ദേഹം ആവശ്യപ്പെട്ടു.
131,ml,ഇയാള്‍ക്ക് ഗുരുതര പരിക്കില്ലെന്നാണ് വിവരം.
132,ml,മുൻ പ്രധാനമന്ത്രി ചന്ദ്രശേഖറുടെ മകനാണ് നീരജ്.
133,ml,ഈ മാസം 23ന് ചേരുന്ന ബിസിഐയുടെ വാര്‍ഷിക ജനറല്‍ മീറ്റിങിലായിരിക്കും പുതിയ സെലക്ഷന്‍ കമ്മിറ്റിയെ തിരഞ്ഞെടുക്കുക
134,ml,"ആകാശങ്ങളിലും ഭൂമിയിലും ഒളിഞ്ഞു കിടക്കുന്നത് പുറത്ത് കൊണ്ട് വരികയും, നിങ്ങള്‍ രഹസ്യമാക്കുന്നതും പരസ്യമാക്കുന്നതും അറിയുകയും ചെയ്യുന്നവനായ അല്ലാഹുവിന് അവര്‍ പ്രണാമം ചെയ്യാതിരിക്കുവാന്‍ വേണ്ടി (പിശാച് അങ്ങനെ ചെയ്യുന്നു.)"
135,ml,ഐ. എം. വിജയന്‍ | ഫോട്ടോ: ബിജു വര്‍ഗീസ് \ മാതൃഭൂമി
136,ml,അമ്രപാലി ഗ്രൂപ്പ് നടത്തിയ ചാരിറ്റി പ്രവര്‍ത്തനങ്ങളില്‍ ധോണിയുടെ ഭാര്യ സാക്ഷി പങ്കാളിയായിരുന്നു.
137,ml,ഇനി മറ്റൊരു സംഭവം.
138,ml,"ഇത്‍ 19,027 ഹെക്ടർ (47,020 ഏക്കർ) ഭൂപ്രദേശം ഉൾക്കൊള്ളുന്നു."
139,ml,ആരാണ്സംവിധാനംചെയ്യുന്നത്?
140,ml,ആരോഗ്യ പരിചരണം
141,ml,കര്‍ണാടകത്തിലെ ഗ്രാമാന്തരങ്ങളില്‍ ഒരു ട്രൂപിന്റെ ഭാഗമായി പഴയൊരു മറ്റഡോറില്‍ സഞ്ചരിച്ചിരുന്ന തങ്ങളെ അദ്ദേഹം ഓര്‍ത്തെടുക്കുന്നു.
142,ml,അവിശ്വാസികൾക്കും സഹായഹസ്‌തമേകാൻ നാം ശ്രമിക്കും.
143,ml,എന്നാല്‍ ഇക്കാര്യത്തിലും സ്ഥിരീകരണമുണ്ടായിട്ടില്ല.
144,ml,ചിത്രത്തിന്റെ ഫസ്റ്റ്‌ലുക്ക് പോസ്റ്റര്‍ അണിയറ പ്രവര്‍ത്തകര്‍ സമൂഹ മാധ്യമങ്ങളില്‍ പുറത്തുവിട്ടിരുന്നു.
145,ml,സർക്കാർ ഹയർ സെക്കൻഡറി സ്കൂൾ ഭവൻ
146,ml,ഇന്ത്യയിലെ എഞ്ചിനീയറിങ്ങ് സാങ്കേതികപഠനത്തിന്റെ ഉന്നതകലാലയങ്ങളാണ് ഐഐടികൾ.
147,ml,രണ്ടുപേരെ ഇതുമായി ബന്ധപ്പെട്ട് കസ്റ്റഡിയിലെടുത്തു.
148,ml,ഓര്‍ക്കുക കൃത്യനിഷ്ഠതയാണ് പ്രധാനം.
149,ml,വ്യത്യാസം ഒരുപാടാണ്.
150,ml,ചില ശ്രമങ്ങളൊക്കെ ഈ വിഷയത്തില്‍ നടത്തിയിരുന്നുവെങ്കിലും വേണ്ടത്ര വിജയിച്ചില്ല.
151,ml,എന്നാൽ ദൈവത്തോടും സഹമനുഷ്യരോടുമുള്ള സ്‌നേഹമായിരുന്നു അവന്‍റെ ധൈര്യത്തിന്‍റെ മൂലകാരണം.
152,ml,ഇക്കാര്യത്തില്‍ ആശയക്കുഴപ്പമുണ്ടാക്കാന്‍ ചില കോണുകളില്‍ നിന്നും ശ്രമം നടക്കുന്നുണ്ട്.
153,ml,എന്താണ് മെറ്റേണിയ?
154,ml,ജാമ്യത്തിലിറങ്ങിയ പ്രതികള്‍ രാജ്യം വിട്ടതായാണ് സൂചന.
155,ml,ഞാന്‍ യിസ്രായേലിന്നു മഞ്ഞുപോലെയിരിക്കും. അവന്‍ താമരപോലെ പൂത്തു ലെബാനോന്‍ വനം പോലെ വേരൂന്നും.
156,ml,ഇതിൽ രണ്ടു സെഞ്ചുറികളും മൂന്ന് അർധസെഞ്ചുറികളും ഉൾപ്പെടുന്നു.
157,ml,6 പ്രാർഥന കേൾക്കുന്നവൻ കഷ്ടപ്പാട്‌ അനുവദിക്കുന്നത്‌ എന്തുകൊണ്ട്?
158,ml,വലിച്ചിട്.
159,ml,ദരിദ്ര നാടുകളിൽ യഹോവയുടെ ജനം നിരവധി ആരാധന സ്ഥലങ്ങൾ നിർമിച്ചത്‌ ഈയിടെ നടന്ന അത്തരം നല്ല പ്രവൃത്തികൾക്ക് ഉദാഹരണമാണ്‌.
160,ml,സംഭവം അക്രമാസക്തമായതിനെ തുടര്‍ന്ന് പോലീസ് പ്രക്ഷോഭകര്‍ക്കു നേരെ വെടിയുതിര്‍ത്തു.
161,ml,രോഹിത് വെമുല എന്ന ദളിത് വിദ്യാര്‍ത്ഥി ആത്മഹത്യ ചെയ്‌തെന്നാണ് പ്രചാരണമുണ്ടായത്.
162,ml,ഇന്തോ-നേപ്പാള്‍ അതിര്‍ത്തിയില്‍ നിന്നാണ് ജുനൈദിനെ പിടികൂടിയത്.
163,ml,90 കൾ വരെ ഗ്രേറ്റർ രംഗ്‍പൂർ മേഖലയിൽ സാമ്പത്തിക പുരോഗതികളൊന്നു കൈവരിച്ചിരുന്നില്ല.
164,ml,അവൾക്ക് ഒരു കൗതുകം തോന്നി.
165,ml,ചിത്രത്തിലെ പാട്ടുകള്‍ നേരത്തെ പുറത്തു വന്നിരുന്നു.
166,ml,ആരോ കെട്ടിച്ചമച്ചത്. ബി. ജെ. പിയുമായി ഞങ്ങള്‍ അത്തരത്തിലുള്ള ഒരു സംസാരവും നടത്തിയിയിട്ടില്ല.
167,ml,കൌമാര ലൈംഗികതയല്ല ലൈംഗികത.
168,ml,ഭാര്യയെയും മക്കളെയും.
169,ml,തടിച്ചു വെളുത്ത
170,ml,പക്ഷെ ജീവിച്ചു.
171,ml,അധ്യയന ലേഖനങ്ങൾ
172,ml,വളരെ സൗമ്യതയോടെ അദ്ദേഹം തന്റെ ഭാഗം വിശദീകരിച്ചു.
173,ml,നമ്മള്‍ നിലത്ത് കിടക്കണം.
174,ml,ഇതിന്റെ വീഡിയോ അയാള്‍ പകര്‍ത്തുകയും ചെയ്തിരുന്നു.
175,ml,ഇവരെ മുംബൈ നാനാവതി ആശുപത്രിയിലെ ഐസൊലേഷൻ വാർഡിൽ പ്രവേശിപ്പിച്ചിരുന്നു.
176,ml,ഇവരെ ആസാം പോലീസിന് കൈമാറി.
177,ml,മെച്ചപ്പെട്ട ചികിത്സ ഒരുക്കുമോ?
178,ml,"ഞാന്‍ തിരഞ്ഞ്ടുതില്ല എങ്കിലോ ഞാന്‍ കളിക്കുന്നില്ല , പോകുന്നു എങ്കില്‍ ?"
179,ml,"കോട്ടയം ജില്ലയിലെ പള്ളത്തു ജനിച്ച് സി എം എസ്‌ കോളേജ്, മദ്രാസ് ക്രിസ്ത്യൻ കോളേജ്, മദ്രാസ് യൂണിവേഴ്സിറ്റി എന്നിവിടങ്ങളിൽ പഠിച്ചു."
180,ml,ബൈക്ക് മറിഞ്ഞ് രണ്ടുപേർക്ക് പരിക്കേറ്റു
181,ml,അര്‍ണബ് ഗോസ്വാമി എന്തിനാണ് ഭയക്കുന്നത്.
182,ml,പിന്നീടിദ്ദേഹത്തെ അറസ്റ്റ് ചെയ്യുകയും ചെയ്തു.
183,ml,പുതിയ മേക്കോവറിലാണ് ദീപിക പദുക്കോൺ എത്തിയത്
184,ml,അവര്‍ അത് നടപ്പാക്കി.
185,ml,സീമ എന്ന വേശ്യയെയാണ് പത്മപ്രിയ ചിത്രത്തില്‍ അവതരിപ്പിക്കുന്നത്.
186,ml,അത്തരത്തിൽ ദൈവത്തെ സ്‌തു ​ തി ​ ക്കാൻ പ്രേരി ​ ത ​ നായ ഒരു വ്യക്തി ​ യാണ്‌ 147 -‍ാ‍ം സങ്കീർത്ത ​ ന ​ ത്തി ​ ന്‍റെ രചയി ​ താവ്‌.
187,ml,അതുകൊണ്ട് തന്നെ രോഗം കണ്ടെത്താനും വൈകും.
188,ml,ആർട്ടിക്കിൾ 370 റദ്ദാക്കിയതിന് ശേഷം കശ്മീരിൽ പ്രശ്നങ്ങളില്ലെന്നും സമാധാനപരമായ അന്തരീക്ഷമാണെന്നും ഒരു മരണം പോലും ഉണ്ടായിട്ടില്ലെന്നും അമിത് ഷാ പറഞ്ഞു.
189,ml,വിശദഅന്വേഷണം തേടി ബിജെപി തെരഞ്ഞെടുപ്പ് കമ്മീഷന് പരാതി നല്‍കി.
190,ml,"അങ്ങനെ എന്നെ ഭയപ്പെടുത്താനാവില്ല, അതാണുന്നമെങ്കില്‍."
191,ml,അതെത്ര വാസ്തവം
192,ml,'അജിത് പവാര്‍ എംഎല്‍എ സ്ഥാനം രാജി വെച്ചതിന്‍റെ കാരണം അറിയില്ല'. രാജികാര്യം ചര്‍ച്ച ചെയ്തിരുന്നില്ലെന്ന് ശരദ് പവാര്‍
193,ml,അത് സുസ്ഥിരമാണോ?
194,ml,അതു തന്നെയായിരിക്കാം .
195,ml,തുടര്‍ന്ന് 2015 ല്‍ നടന്നത് ഇന്ത്യയുടെ തെരഞ്ഞെടുപ്പ് ചരിത്രത്തിലെ ഒരപൂര്‍വ്വ കാഴ്ചയായിരുന്നു.
196,ml,1925-ലും 1926-ലും ഒഹായോയിലെ നിരവധി പത്രങ്ങൾക്കായി ആഗോള പരമ്പരകൾ അവതരിപ്പിച്ചിരുന്നു.
197,ml,ക്രമീകരണങ്ങൾ അപ്ലിക്കേഷൻ പോകുക.
198,ml,"ഇന്ത്യ, ഇംഗ്ലണ്ട്, ശ്രീലങ്ക എന്നിങ്ങനെ ലോകത്തിന്റെ വിവിധ ഭാഗങ്ങളിലായിട്ടാണ് സിനിമയുടെ ചിത്രീകരണം നടക്കുന്നത്."
199,ml,ബുധനാഴ്ച രാത്രി 10.30-ഓടെയാണ് കല്ലൂരാവി മുണ്ടത്തോടുവച്ച് അബ്ദുള്‍ റഹ്മാന് കുത്തേല്‍ക്കുന്നത്.
0,pa,ਪਰਹੇਜ਼ ਕਰਨ ਦਾ ਇਹ ਮਤਲਬ ਨਹੀਂ ਹੈ ਕਿ ਯਹੋਵਾਹ ਦੇ ਗਵਾਹ ਦੂਜਿਆਂ ਨੂੰ ਖ਼ੁਸ਼ ਤੇ ਸਿਹਤਮੰਦ ਨਹੀਂ ਦੇਖਣਾ ਚਾਹੁੰਦੇ ।
1,pa,ਪੁਲਿਸ ਨੇ ਦੋ ਸ਼ੱਕੀਆਂ ਨੂੰ ਗਿ੍ਫ਼ਤਾਰ ਵੀ ਕਰ ਲਿਆ ਹੈ।
2,pa,ਚੀਫ਼ ਜਸਟਿਸ ਰੰਜਨ ਗੋਗੋਈ ਤੇ ਜਸਟਿਸ ਅਨਿਰੁੱਧ ਬੋਸ ਦੇ ਛੁੱਟੀਆਂ ਵਾਲੇ ਬੈਂਚ ਨੇ ਕਿਹਾ ਕਿ ਈਡਬਲਿਊਐੱਸ ਲਈ 10 ਫ਼ੀਸਦੀ ਰਾਖਵਾਂਕਰਨ ਹੋਰਾਂ ਦੀ ਕੀਮਤ ’ਤੇ ਨਹੀਂ ਦਿੱਤਾ ਜਾ ਸਕਦਾ ਹੈ।
3,pa,ਦਿੱਲੀ ਪੁਲੀਸ ਹਰੇਕ ਲਈ ਹੈ।
4,pa,( ੳ) ਕਿਨ੍ਹਾਂ ਨੂੰ ਸ਼ਾਇਦ ਸਾਡੇ ਘਰ ਕਾਫ਼ੀ ਸਮਾਂ ਰਹਿਣ ਦੀ ਲੋੜ ਪਵੇ?
5,pa,"ਉਨ੍ਹਾਂ ਪੱਤਰ ਵਿਚ ਕਿਹਾ ਕਿ ਚੋਣ ਕਮਿਸ਼ਨ ਦਾ ਫੈਸਲਾ ਮੰਦਭਾਗਾ, ਅਤਿ ਮਨਮਾਨਾ, ਪ੍ਰੇਰਿਤ ਅਤੇ ਪੱਖਪੂਰਣ ਹੈ ਅਤੇ ਭਾਜਪਾ ਦੇ ਇਸ਼ਾਰੇ ਉਤੇ ਕੀਤਾ ਗਿਆ ਹੈ।"
6,pa,ਭਾਰਤੀ ਟੀਮ 49.3 ਓਵਰਾਂ 'ਚ 221 ਦੌੜਾਂ ਬਣਾ ਕੇ ਆਲ ਆਊਟ ਹੋ ਗਈ।
7,pa,ਦੋ ਟੀਮਾਂ ਮੈਨੂੰ ਫੁੱਟਬਾਲ ਵਾਂਗ ਖੇਡ ਰਹੀਆਂ ਹਨ : ਮਾਲਿਆ
8,pa,"ਉਹ ਆਈਸੀਐਸਆਰ ਕੌਂਸਲ ਦੇ ਮੈਂਬਰ ਅਤੇ ਗੋਬਿੰਦ ਵੱਲਭ ਪੰਤ ਇੰਸਟੀਟਿਊਟ ਭਾਰਤੀ ਸਮਾਜਿਕ ਵਿਗਿਆਨ ਸੰਸਥਾਵਾਂ ਦੀ ਐਸੋਸੀਏਸ਼ਨ  ਸੋਸ਼ਲ ਸਾਇੰਸਜ਼, ਇਲਾਹਾਬਾਦ ਦੇ ਗਵਰਨਿੰਗ ਬੋਰਡ ਦੇ ਮੈਂਬਰ ਸੀ ।"
9,pa,“ਇਹ ਸਖਤ ਮੁਸ਼ਕਲ ਰਿਹਾ।
10,pa,ਪ੍ਰਧਾਨ ਮੰਤਰੀ ਸ੍ਰੀ ਨਰੇਂਦਰ ਮੋਦੀ ਦੀ ਪ੍ਰਧਾਨਗੀ ਹੇਠ ਮੰਤਰੀ ਮੰਡਲ ਨੇ ਦੋਹਰੇ ਟੈਕਸਾਂ ਤੋਂ ਬਚਾਓ ਲਈ ਭਾਰਤ ਤੇ ਤਾਜਿਕਿਸਤਾਨ ਵਿਚਕਾਰ ਹੋਏ ਸਮਝੌਤੇ ਅਤੇ ਆਮਦਨ 'ਤੇ ਟੈਕਸਾਂ ਦੇ ਸਬੰਧ ਵਿੱਚ ਵਿੱਤੀ ਰੋਕਥਾਮ ਸੋਧ ਪ੍ਰੋਟੋਕੋਲ ਨੂੰ ਮਨਜ਼ੂਰੀ ਦੇ ਦਿੱਤੀ ਹੈ।
11,pa,ਕੁੱਝ ਸ਼ੱਕੀ ਦਸਤਾਵੇਜਾਂ ਦੇ ਮਾਹਿਰ ਉਹ ਨੂੰ ਏਅਰਫੋਰਸ ਆਫਿਸ ਦੇ ਨੇੜੇ ਪੁਲਿਸ ਨੇ ਫੜਿਆ ਸੀ।
12,pa,ਦੇਖੋ ਅਪਨਾ ਦੇਸ਼ ਲੜੀ ਏਕ ਭਾਰਤ ਸ਼੍ਰੇਸ਼ਠ ਭਾਰਤ ਦੇ ਤਹਿਤ ਭਾਰਤ ਦੀ ਅਮੀਰ ਵਿਭਿੰਨਤਾ ਨੂੰ ਪ੍ਰਦਰਸ਼ਿਤ ਕਰਨ ਦਾ ਇੱਕ ਪ੍ਰਯਤਨ ਹੈ।
13,pa,ਪਹਿਲੇ ਮੈਚ ‘ਚ ਭਾਰਤ ਨੂੰ ਨਿਊਜ਼ੀਲੈਂਡ ਨੇ 6 ਵਿਕਟਾਂ ਨਾਲ ਹਰਾ ਦਿੱਤਾ ਸੀ।
14,pa,"ਇਸ ਮੁੱਦੇ ’ਤੇ ਭਾਰਤ ਦੇ ਨਾਲ ਫਰਾਂਸ, ਇਟਲੀ ਅਤੇ ਅਮਰੀਕਾ ਦਾ ਵੀ ਜ਼ਿਕਰ ਹੈ।"
15,pa,"ਧਾਰਮਿਕ ਸਭਾ-ਸੁਸਾਇਟੀਆਂ, ਸਕੂਲਾਂ-ਕਾਲਜਾਂ ਦੇ ਵਿਦਿਆਰਥੀਆਂ, ਗੱਤਕਾ ਪਾਰਟੀਆਂ ਤੇ ਵੱਡੀ ਗਿਣਤੀ ਵਿੱਚ ਸੰਗਤਾਂ ਨੇ ਭਰਵੀਂ ਸ਼ਮੂਲੀਅਤ ਕੀਤੀ।"
16,pa,ਗੈਜੇਟ ਡੈਸਕ—ਚੀਨ ਦੀ ਸਮਾਰਟਫੋਨ ਬਣਾਉਣ ਵਾਲੀ ਕੰਪਨੀ ਸ਼ਿਓਮੀ ਦੀ ਰੈੱਡਮੀ ਨੋਟ 7 ਸੀਰੀਜ਼ ਨੂੰ ਭਾਰਤ 'ਚ ਜ਼ਬਰਦਸਤ ਰਿਸਪਾਂਸ ਮਿਲ ਰਿਹਾ ਹੈ।
17,pa,ਕੀ ਹੈ ਹੱਲ?
18,pa,ਪਾਰਕ ਬੁਨਿਆਦੀ
19,pa,"ਆਵਾਜਾਈ ਦੇ ਨਾਤੇ ਤੁਹਾਡੇ ਕੋਲ ਇੱਕ ਬੱਸ, ਟੈਕਸੀ ਲੈ ਜ ਇੱਕ ਕਾਰ ਕਿਰਾਏ ਤੇ ਕਰ ਸਕਦਾ ਹੈ."
20,pa,ਉਕਤ ਭਰੋਸਾ ਮਿਲਣ ਤੋਂ ਬਾਅਦ ਧਰਨਾਕਾਰੀਆਂ ਨੇ ਧਰਨਾ ਚੁੱਕ ਲਿਆ।
21,pa,ਇਸ ਨਾਲ ਆਮ ਜਨਤਾ ਨੂੰ ਵੀ ਭਾਰੀ ਪ੍ਰੇਸ਼ਾਨੀ ਦਾ ਸਾਹਮਣਾ ਕਰਨਾ ਪੈਂਦਾ ਹੈ।
22,pa,"ਪਹਿਲੀ, ਉਹ ਬਹੁਤ ਸਸਤਾ ਹੁੰਦੇ ਹਨ."
23,pa,ਇਨ੍ਹਾਂ ਗੱਲਾਂ ਦਾ ਵੀ ਰਖੋ ਧਿਆਨ
24,pa,ਹੋਟਲ ਦੇ ਸੀਸੀਟੀਵੀ ਫੁਟੇਜ ਵੀ ਜਬਤ ਕੀਤੀ ਗਈ ਹੈ।
25,pa,ਉਨ੍ਹਾਂ ਕਿਹਾ ਕਿ ਪੰਜਾਬੀਆਂ ਦੇ ਮਨਾਂ ਵਿਚ ਬੀ. ਐਸ. ਐਫ. ਤੇ ਫੌਜ ਪ੍ਰਤੀ ਪੂਰਨ ਸਤਿਕਾਰ ਹੈ ਤੇ ਇਹ ਕਾਂਗਰਸ ਪਾਰਟੀ ਹੀ ਹੈ ਜੋ ਪੰਜਾਬੀਆਂ ਨੂੰ ਬਦਨਾਮ ਕਰਨ Ñਲਈ ਗੱਲਾਂ ਨੂੰ ਤੋੜ ਮਰੋੜ ਰਹੀ ਹੈ।
26,pa,ਹਾਲਾਂਕਿ ਬਹੁਤ ਸਾਰੇ ਲੋਕ ਸਰਕਾਰ ਦੀ ਇਸ ਦਲੀਲ ਤੋਂ ਸਹਿਮਤ ਨਹੀਂ ਹਨ।
27,pa,ਝੱਖੜ ਕਾਰਨ ਦੋ ਮੌਤਾਂ
28,pa,ਫੇਸਬੁੱਕ ‘ਡੇਟਿੰਗ’ ਫੀਚਰ
29,pa,"ਲੇਬਰ, ਲੋਕ ਸ਼ਿਕਾਇਤ ਅਤੇ ਪੈਨਸ਼ਨ ਮੰਤਰਾਲਾ"
30,pa,ਦੂਸਰਿਆਂ ਦੀਆਂ ਲੋੜਾਂ ਪੂਰੀਆਂ ਕਰ ਕੇ ਦਿਖਾਓ ਕਿ ਤੁਸੀਂ ਦਇਆ ਨਾਲ ਪ੍ਰੇਮ ਕਰਦੇ ਹੋ
31,pa,ਨਵੀਂ ਦਿੱਲੀ: ਭਾਰਤੀ ਹਾਕੀ ਟੀਮ ਦੇ ਸਾਬਕਾ ਹਾਕੀ ਕਪਤਾਨ ਸੰਦੀਪ ਸਿੰਘ ਤੇ ਉਲੰਪਿਕ ਤਗਮਾ ਜੇਤੂ ਭਲਵਾਨ ਯੋਗੇਸ਼ਵਰ ਦੱਤ ਸਿਆਸੀ ਪਾਰੀ ਦੀ ਸ਼ੁਰੂਆਤ ਕਰਦਿਆਂ ਬੀਜੇਪੀ ’ਚ ਸ਼ਾਮਲ ਹੋ ਗਏ ਹਨ।
32,pa,ਪੁਲਿਸ ਨੇ ਸ਼ਿਕਾਇਤ ਮਿਲਣ 'ਤੇ ਘਟਨਾ ਸਥਾਨ ਦਾ ਦੌਰਾ ਕੀਤਾ।
33,pa,ਸ਼ਹਿਰ ਦੀ ਸਫਾਈ ਦਾ ਮਾੜਾ ਹਾਲ ਹੈ।
34,pa,ਕੀ ਚੰਗਾਈ ਅਤੇ ਬੁਰਾਈ ਦੀ ਲੜਾਈ ਵਿਚ ਸੱਚ - ਮੁੱਚ ਬੁਰਾਈ ਦੀ ਜਿੱਤ ਹੋਈ ਹੈ?
35,pa,ਖੇਤੀਬਾੜੀ ਯੂਨੀਵਰਸਿਟੀ ਦੇ ਉਪ ਕੁਲਪਤੀ ਡਾ.
36,pa,"ਇਸ ਲਈ , ਇਹ ਮਹੱਤਵਪੂਰਨ ਹੈ ਕਿ ਅਸੀਂ ਉੱਭਰਦੀਆਂ ਟੈਕਨੋਲੋਜੀਆਂ ਅਤੇ ਸਿੱਖਿਆ ਦੇ ਸਾਰੇ ਖੇਤਰਾਂ ਵਿੱਚ ਸਹਿਯੋਗ ਕਰੀਏ ।"
37,pa,ਭਰਾ ਨੇ ਉਨ੍ਹਾਂ ਨੂੰ ਹੌਸਲਾ ਦਿੱਤਾ ਕਿ ਉਹ ਯਹੋਵਾਹ ਅਤੇ ਉਸ ਦੇ ਬਚਨ ਪ੍ਰਤੀ ਵਫ਼ਾਦਾਰ ਰਹਿਣ ਅਤੇ ਇਸ ਸਕੂਲ ਵਿਚ ਮਿਲੀ ਸਿਖਲਾਈ ਨੂੰ ਵਰਤਣ ਤਾਂਕਿ ਉਹ ਜਿੱਥੇ ਜਾ ਰਹੇ ਹਨ ਉੱਥੇ ਆਪਣੀ ਸੇਵਕਾਈ ਵਿਚ ਲੱਗੇ ਰਹਿ ਸਕਣ ।
38,pa,ਇਸ ਕਰਕੇ 2014 ਲਈ ਬਾਈਬਲ ਦਾ ਹਵਾਲਾ ਮੱਤੀ 6: 10 ਤੋਂ ਲਿਆ ਗਿਆ ਹੈ ਕਿ “ਤੇਰਾ ਰਾਜ ਆਵੇ । ”
39,pa,ਉਸ ਵੇਲੇ ਯਹੋਵਾਹ ਦੇ ਗਵਾਹਾਂ ਨੂੰ ਬਾਈਬਲ ਸਟੂਡੈਂਟਸ ਕਿਹਾ ਜਾਂਦਾ ਸੀ ।
40,pa,"ਇਸ ਤੋਂ ਵੀ ਵੱਧ, ਉਹ ਯਹੋਵਾਹ ਦੀ ਮਿਹਰ ਗੁਆ ਬੈਠਾ ।"
41,pa,ਮਸੀਹੀਆਂ ਦਾ ▾ ▾ ▾ ▾
42,pa,ਅਹਿਮਦਾਬਾਦ ਦੀ ਸਫ਼ਲ ਧਨਵੰਤਰੀ ਰੱਥ ਦੀ ਪਹਿਲ ਦੀ ਭਰਪੂਰ ਪ੍ਰਸ਼ੰਸਾ ਕੀਤੀ ਜਾ ਰਹੀ ਹੈ।
43,pa,ਟ੍ਰਾਈਫੈੱਡ ਨੂੰ ਉੱਭਰਦੀ ਹੋਈ ਸਥਿਤੀ ਲਈ ਰਣਨੀਤਕ ਰੂਪ ਨਾਲ ਪ੍ਰਤੀਕਿਰਿਆ ਦੇਣੀ ਪਈ।
44,pa,"ਚੁਣੋ, ਜੇਕਰ ਤੁਸੀਂ ਚਾਹੁੰਦੇ ਹੋ ਕਿ ਤੁਹਾਡੇ ਦਰਿਸ਼ ਤੇ ਫਰੇਮ ਹਰ ਸਮੇਂ ਫਰੇਮ ਖੋਲ੍ਹਣ ਤੇ ਮੁੜ ਚਾਲੂ ਹੋ ਜਾਣ ।"
45,pa,ਬਸ ਇਹ ਤੱਥ ਕਿ ਉਹ .
46,pa,ਸਫ਼ਾ 25.
47,pa,"ਪਰਸੋਨਲ,ਲੋਕ ਸ਼ਿਕਾਇਤਾਂ ਤੇ ਪੈਨਸ਼ਨ ਮੰਤਰਾਲਾ ਕੇਂਦਰੀ ਮੰਤਰੀ ਡਾ. ਜਿਤੇਂਦਰ ਸਿੰਘ ਵੱਲੋਂ ‘ਕੋਵਿਡ19 ਇੱਕਮਹਾਮਾਰੀ ਵਿੱਚ ਚੰਗੇ ਸ਼ਾਸਨ ਅਭਿਆਸ ’ ਬਾਰੇ ITEC-NCGGਕੌਮਾਂਤਰੀ ਵਰਕਸ਼ਾਪ ਦਾ ਉਦਘਾਟਨ ਭਾਰਤ ਨੇ ਪ੍ਰਧਾਨ ਮੰਤਰੀ ਸ੍ਰੀ ਨਰੇਂਦਰ ਮੋਦੀ ਅਧੀਨ ਵਿਸ਼ਵ ਕੋਵਿਡ ਸਹਿਯੋਗ ਦੀ ਸੁਰ ਸਥਾਪਤ ਕੀਤੀ: ਡਾ."
48,pa,ਅਸੀਂ ਸਾਰੇ ਬਰਾਬਰ ਹਾਂ।
49,pa,ਜ਼ਿਆਦਾਤਰ ਧਰਮ ਮੁਕਤੀ ਪ੍ਰਾਪਤ ਕਰਨ ਉੱਤੇ ਜ਼ੋਰ ਪਾਉਂਦੇ ਹਨ ।
50,pa,C ਦਾ ਤਾਪਮਾਨ ਕੀ ਹੈ?
51,pa,"ਇਸ ਲਈ, ਦੀ ਸਿਹਤ ਨਾਲ ਨਾ ਸਿਰਫ਼ ਮਾਨਸਿਕ, ਪਰ ਇਹ ਵੀ ਸਰੀਰਕ ਅਤੇ ਮਾਨਸਿਕ ਹੈ."
52,pa,"ਸੜਕ ਹਾਦਸੇ ਵਿੱਚ ਪਤਨੀ ਦੀ ਮੌਤ, ਪਤੀ ਜ਼ਖ਼ਮੀ"
53,pa,ਦੋ ਪਹੀਆ ਵਾਹਨ .
54,pa,ਇੱਥੋਂ ਭਾਰੀ ਮਾਤਰਾ ਵਿੱਚ ਅਸਲਾ ਬਰਾਮਦ ਕੀਤਾ ਗਿਆ।
55,pa,"ਦੱਖਣੀ ਇਲੀਨੋਏ ਯੂਨੀਵਰਸਿਟੀ ਦੇ ਪਰਲ ਸਾਇਮਨ ਪਬਲਿਕ ਪਾਲਿਸੀ ਇੰਸਟੀਚਿਊਟ ਦੇ ਡਾਇਰੈਕਟਰ ਡੇਵਿਡ ਯੈਸਪਨ ਨੇ ਆਖਿਆ, ‘‘ਅਜਿਹਾ ਲੱਗ ਰਿਹਾ ਹੈ ਕਿ ਜਿਵੇਂ ਲੋਕ ਬਹੁਤ ਸਾਰੇ ਮਾਮਲਿਆਂ ਤੋਂ ਖੁਸ਼ ਨਹੀਂ ਹਨ।"
56,pa,"’’ ਉਨ੍ਹਾਂ ਕਿਹਾ, ‘‘ਖਿਡਾਰੀ ਹੀ ਨਹੀਂ, ਸਗੋਂ ਕੋਚਿੰਗ ਸਟਾਫ ਵੀ ਸਾਨੂੰ ਇਸ ਸਬੰਧੀ ਯਾਦ ਦਿਵਾਉਂਦਾ ਰਹਿੰਦਾ ਹੈ।"
57,pa,ਬੂਰਾ ਤਿਆਰੀ
58,pa,ਪੁਲਿਸ ਦੀ ਇਸ ਕਾਰਵਾਈ 'ਤੇ ਪਿੰਡ ਵਾਸੀਆਂ ਨੇ ਥਾਣੇ ਦਾ ਘੇਰਾਉ ਕੀਤਾ ਅਤੇ ਪੁਲਿਸ ਪ੍ਰਸ਼ਾਸਨ ਵਿਰੁੱਧ ਨਾਅਰੇਬਾਜ਼ੀ ਵੀ ਕੀਤੀ ਗਈ।
59,pa,ਅੰਗਦ ਬੇਦੀ ਦਿੱਗਜ ਭਾਰਤੀ ਕ੍ਰਿਕਟਰ ਬਿਸ਼ਨ ਸਿੰਘ ਬੇਦੀ ਦੇ ਹਨ ਅਤੇ ਉਨ੍ਹਾਂ ਨੇ ਕਈ ਫਿਲਮਾਂ ‘ਚ ਛੋਟੀਆਂ ਭੂਮਿਕਾਵਾਂ ਨਿਭਾਅ ਚੁੱਕੇ ਹਨ।
60,pa,"ਿਯੰਗ ਨੇ ਇਕ ਹੋਰ ਸੈਮੀਫਾਈਨਲ 'ਚ ਸਪੇਨ ਦੀ ਕੈਰੋਲਿਨ ਮਾਰਿਨ ਨੂੰ 21-17, 14-21, 21-16 ਨਾਲ ਮਾਤ ਦਿੱਤੀ।"
61,pa,ਨਾਲੇ ਜ਼ਰੂਰੀ ਹੈ ਕਿ ਉਸ ਦੀ ਲਾੜੀ ਨੇ ਵਿਆਹ ਵਿਚ ਸੋਹਣਾ ਲਿਬਾਸ ਪਾਇਆ ਹੋਵੇ ।
62,pa,ਇਹ ਲੋਕ ਸਭਾ ਚੋਣਾਂ ਦਾ ਆਖ਼ਰੀ ਪੜਾਅ ਹੈ ।
63,pa,"ਸੰਯੁਕਤ ਬਿਆਨ 'ਚ ਕਿਹਾ ਗਿਆ ਹੈ ਕਿ ਸਪੇਸ ਦੀ ਵਰਤੋਂ ਅੰਤਰਰਾਸ਼ਟਰੀ ਕਾਨੂੰਨਾਂ ਦੇ ਪਾਲਣ 'ਚ ਸਾਰੇ ਰਾਸ਼ਟਰਾਂ ਦੀ ਭਲਾਈ ਲਈ ਕਰਨੀ ਚਾਹੀਦੀ ਹੈ ਤੇ ਅਜਿਹਾ ਕਰਨ ਦੌਰਾਨ ਉਨ੍ਹਾਂ ਦੇ ਆਰਥਿਕ, ਵਿਗਿਆਨਿਕ ਜਾਂ ਤਕਨੀਕੀ ਵਿਕਾਸ 'ਤੇ ਧਿਆਨ ਨਾ ਦਿੱਤਾ ਜਾਵੇ।"
64,pa,"ਐਫਸੀਆਈ, ਇਸ ਲਈ, ਪੂਰੀ ਤਰ੍ਹਾਂ ਕੇਂਦਰ ਸਰਕਾਰ 'ਤੇ ਨਿਰਭਰ ਹੈ ਅਤੇ ਇਸ ਕੋਲ ਹੋਰ ਕੋਈ ਸਰੋਤ ਨਹੀਂ ਹਨ।"
65,pa,( ਉਤਪਤ 9: 29) ਨੂਹ ਦੇ ਦਾਦੇ ਮਥੂਸਲਹ ਦੀ ਕੁਲ ਉਮਰ 969 ਸਾਲ ਸੀ ।
66,pa,ਜਿਸ ਤਹਿਤ ਦੋਵਾਂ ਦੇ ਖ਼ਿਲਾਫ਼ 21/61/85 ਐਨ. ਡੀ. ਪੀ. ਐਸ. ਐਕਟ ਤਹਿਤ ਥਾਣਾ ਲਹੌਰੀ ਗੇਟ ਵਿਖੇ ਕੇਸ ਦਰਜ ਕਰ ਲਿਆ ਗਿਆ ਹੈ।
67,pa,ਇਹ ਦੋਵੇਂ ਬੱਲੇਬਾਜ਼ ਖਾਤਾ ਵੀ ਨਹੀਂ ਖੋਲ੍ਹ ਸਕੇ।
68,pa,ਇਹ ਸ਼ਰਾ ‘ ਪਵਿੱਤਰ ਅਤੇ ਜਥਾਰਥ ਅਤੇ ਚੰਗੀ ’ ਸੀ ।
69,pa,ਪਹਿਲਾਂ ਚੱਲਦਾ ਕੇਟ ਹੀ ਵਰਤੋਂ (ਜੇਕਰ ਸੰਭਵ ਹੋਵੇ ਤਾਂ)
70,pa,( ੳ) ਅੱਯੂਬ ਅਤੇ ਦਾਊਦ ਕਿਸ ਗੱਲ ਵਿਚ ਪਰਖੇ ਜਾਣਾ ਚਾਹੁੰਦੇ ਸਨ?
71,pa,ਇਤਿਹਾਸਕ ਤਿਮਾਹੀ
72,pa,ਸੋਨੀ ਅਤੇ ਐਮਾਜ਼ਾਨ ਵਾਇਰਸ ਦੇ ਡਰ 'ਤੇ ਯੂਰਪੀਅਨ ਟੈਕਨਾਲੋਜੀ ਦੇ ਇਕ ਵੱਡੇ ਪ੍ਰਦਰਸ਼ਨ ਨੂੰ ਬਾਹਰ ਕੱ toਣ ਲਈ ਨਵੀਨਤਮ ਕੰਪਨੀਆਂ ਹਨ.
73,pa,ਇਸ ਦਾ ਮਤਲਬ ਹੈ ਕਿ ਅਕਤੂਬਰ 2019 ਤੱਕ ਦੇਸ਼ ਵਿੱਚ ਖੁਲ੍ਹੇ ਪਖ਼ਾਨੇ ਨੂੰ ਪੂਰੀ ਤਰ੍ਹਾਂ ਖ਼ਤਮ ਕਰ ਦੇਣ ਦੇ ਉਦੇਸ਼ ਵਾਲੇ ਸਵੱਛ ਭਾਰਤ ਮਿਸ਼ਨ ਤਹਿਤ ਹੋਈ ਪ੍ਰਗਤੀ ਦਾ ਬਹੁਤਾ ਹਿੱਸਾ ਇਸ ਰਿਪੋਰਟ ਵਿੱਚ ਸ਼ਾਮਲ ਨਹੀਂ ਹੈ।
74,pa,ਇਹੀ ਉਹ ਕਹੇਗਾ.
75,pa,ੲਿਸ ਦੀ ਸ਼ਿਕਾਇਤ ਉਸ ਨੇ ਸ਼ਹਿਰੀ ਪੁਲੀਸ ਚੌਕੀ ਵਿੱਚ ਕੀਤੀ।
76,pa,ਇਹ ਸਮਾਂ ਖਰੀਦਣ ਦਾ ਸਵਾਲ ਹੈ.
77,pa,ਪ੍ਰਧਾਨ ਮੰਤਰੀ ਦਫਤਰ ਪ੍ਰਧਾਨ ਮੰਤਰੀ ਨੇ ਜੇਪੀ ਮੌਰਗਨ ਇੰਟਰਨੈਸ਼ਨਲ ਕੌਂਸਲ ਦੇ ਮੈਂਬਰਾਂ ਨਾਲ ਮੀਟਿੰਗ ਕੀਤੀ ਪ੍ਰਧਾਨ ਮੰਤਰੀ ਨੇ ਅੱਜ ਨਵੀਂ ਦਿੱਲੀ ਵਿੱਚ ਜੇਪੀ ਮੌਰਗਨ ਇੰਟਰਨੈਸ਼ਨਲ ਕੌਂਸਲ ਨਾਲ ਮੀਟਿੰਗ ਕੀਤੀ।
78,pa,ਇਹ ਗੱਲ ਸਾਡੇ ਲਈ ਵੀ ਉੱਨੀ ਹੀ ਜ਼ਰੂਰੀ ਹੈ ।
79,pa,ਸਾਗਰਿਕਾ ਦੀ ਦਾਦੀ ਇੰਦੌਰ ਦੇ ਮਹਾਰਾਜਾ ਤੁਕਜੀਰਾਵ ਹੋਲਕਰ ਦੀ ਬੇਟੀ ਹੈ।
80,pa,ਅਕਾਲੀ ਦਲ ਵੱਲੋਂ ਪੰਜਾਬ ਦੇ ਮੁੱਖ ਮੰਤਰੀ ਸਰਦਾਰ ਪ੍ਰਕਾਸ ਸਿੰਘ ਬਾਦਲ ਤੇ ਉਪ ਮੁੱਖ ਮੰਤਰੀ ਸੁਖਬੀਰ ਸਿੰਘ ਬਾਦਲ ਨੂੰ ਪੰਜਾਬ ਦੇ ਪਾਣੀਆਂ ਦੇ ਰਾਖੇ ਦਾ ਖਿਤਾਬ ਦੇ ਕਿ ਸਨਮਾਨ ਦੇਣ ਤੇ ਆਪਣਾ ਪ੍ਰਤੀਕਰਮ ਪਰਗਟ ਕਰਦਿਆਂ ਕਿਹਾ ਕਿ ਚੀਚੀ ਉਗਲੀ ਨੂੰ ਖੁਨ ਲੱਗਾ ਕਿ ਕੋਈ ਸਹੀਦ ਨਹੀ ਬਣ ਜਾਦਾ ।
81,pa,ਆਯੋਜਨ ਦੇ ਦੌਰਾਨ ਆਰਮੀ ਵੇਲਫੇਅਰ ਹਾਊਸਿੰਗ ਔਰਗਨਾਈਜੇਸ਼ਨ ( ਐੱਡਬਿਲਊਏਐੱਚਓ) ਅਤੇ ਆਰਮੀ ਵੇਲਫੇਅਰ ਐਜੂਕੇਸ਼ਨ ਸੋਸਾਇਟੀ (ਏਡਬਲਿਊਈਐੱਸ) ਦੇ ਬੋਰਡ ਆਵ੍ ਗਵਰਨਰ ਦੀਆਂ ਬੈਠਕਾਂ ਦਾ ਵੀ ਆਯੋਜਨ ਕੀਤਾ ਗਿਆ।
82,pa,ਇਹ ਕੰਮ ਮੌਕੇ 'ਤੇ ਹੀ ਕਿਉਂ ਕੀਤਾ ਜਾ ਰਿਹਾ ਹੈ।
83,pa,ਪ੍ਰਾਜੈਕਟ 'ਤੇ ਕੰਮ ਵੀ ਤੇਜੀ ਨਾਲ ਸ਼ੁਰੂ ਹੋ ਗਿਆ ਹੈ।
84,pa,"ਜੇਕਰ ਤੁਸੀਂ ਇਨ੍ਹਾਂ ਦੇ ਸੰਸਾਰ ਵਿਚ ਕਦੇ ਪ੍ਰਵੇਸ਼ ਨਹੀਂ ਕੀਤਾ ਹੈ, ਤਾਂ ਆਓ ਹੁਣ ਜ਼ਰਾ ਇਕ ਨਜ਼ਰ ਮਾਰੀਏ ।"
85,pa,ਖੋਹਬਾਜ਼ਾਂ ਨੇ ਆਪਣੇ ਮੂੰਹ ਰੁਮਾਲ ਨਾਲ ਢਕੇ ਹੋਏ ਸਨ।
86,pa,ਮੱਛਲੀ 'ਚ ਓਮੇਗਾ-3 ਵਸਾ ਐਸਿਡ ਹੁੰਦਾ ਹੈ।
87,pa,ਕਾਂਗਰਸ ਵੱਲੋਂ ਨੋਟਬੰਦੀ ਖਿਲਾਫ਼ ਪ੍ਰਦਰਸ਼ਨ
88,pa,"ਅਲੀਹੂ ਕਹਿੰਦਾ ਹੈ: “ਤਾਂ [ਪਰਮੇਸ਼ੁਰ] ਉਸ ਤੇ ਦਯਾ ਕਰਦਾ ਤੇ ਆਖਦਾ ਹੈ, ਉਸ ਨੂੰ ਟੋਏ ਵਿੱਚ ਪੈਣ ਤੋਂ ਬਚਾ ਲੈ, ਮੈਨੂੰ ਪ੍ਰਾਸਚਿਤ ਮਿਲ ਗਿਆ ਹੈ ।"
89,pa,"ਅੰਤਰਰਾਸ਼ਟਰੀ ਬੰਦੋਬਸਤ ਲਈ ਬੈਂਕ (ਸੰਖੇਪ: ਬੀ. ਆਈ. ਐੱਸ. ਅੰਗਰੇਜ਼ੀ: Bank for International Settlements) ਇੱਕ ਅੰਤਰਰਾਸ਼ਟਰੀ ਵਿੱਤੀ ਸੰਸਥਾ ਹੈ ਜੋ ਕਿ ਕੇਂਦਰੀ ਬੈਂਕਾਂ ਦੀ ਮਲਕੀਅਤ ਹੈ, ਜੋ ਅੰਤਰਰਾਸ਼ਟਰੀ ਮੁਦਰਾ ਅਤੇ ਵਿੱਤੀ ਸਹਿਯੋਗ ਵਧਾਉਂਦੀ ਹੈ ਅਤੇ ਕੇਂਦਰੀ ਬੈਂਕਾਂ ਲਈ ਇੱਕ ਬੈਂਕ ਦੇ ਤੌਰ ਤੇ ਕੰਮ ਕਰਦੀ ਹੈ।"
90,pa,ਫਾਈਵਵੁੱਡ ਟੀਮ
91,pa,"ਰੈਸਟੋਰੈਂਟਾਂ, ਕੈਫੇ ਅਤੇ ਬਾਰਾਂ ਸਮੇਤ ਸਥਾਨਾਂ ਨੂੰ 10 ਲੋਕਾਂ ਤਕ ਸਮੂਹਕ ਬੁਕਿੰਗ ਸੀਮਤ ਕਰਨ, ਉਨ੍ਹਾਂ ਦੇ ਸਰਪ੍ਰਸਤ ਦੇ ਵੇਰਵਿਆਂ ਦਾ ਡਿਜੀਟਲ ਰਿਕਾਰਡ ਰੱਖਣ ਅਤੇ ਸੰਪਰਕ ਟਰੇਸਿੰਗ ਵਿਚ ਸਹਾਇਤਾ ਲਈ ਸਰਕਾਰ ਦੀ ਕੋਵਡ-ਸੇਫ ਸਕੀਮ ਲਈ ਸਾਈਨ ਅਪ ਕਰਨ ਦੀ ਲੋੜ ਸੀ."
92,pa,ਜ਼ਖ਼ਮੀਆਂ ਨੂੰ ਸਿਵਲ ਹਸਪਤਾਲ ਤਰਨਤਾਰਨ ਵਿਖੇ ਦਾਖਲ ਕਰਵਾਇਆ ਗਿਆ।
93,pa,ਰਾਜਧਾਨੀ ਸ਼ਹਿਰ ਨਾ ਪਈ ਤਾਅ ਵਿਚ ਉਨ੍ਹਾਂ ਦੇ ਰੁਝੇਵਿਆਂ ਤੋਂ ਇਲਾਵਾ ਉਹ ਯੰਗੂਨ ਅਤੇ ਬਗਨ ਵੀ ਜਾਣਗੇ।
94,pa,"ਇੱਥੇ ਤੁਹਾਨੂੰ ਦੇਖ ਰਿਹਾ ਹੈ, ਬੱਚਾ!"
95,pa,ਉਨ੍ਹਾਂ ਕਿਹਾ ਕਿ ਇਸ ਮਾਮਲੇ ਦੇ ਦੋਸ਼ੀਆਂ ਨੂੰ ਜਲਦ ਹੀ ਫੜ ਲਿਆ ਜਾਵੇਗਾ।
96,pa,ਗੁਰਦੁਆਰਾ ਸਾਹਿਬ ਵਿਚ ਲਾਏ ਇਸ ਕੈਂਪ ਦਾ ਉਦਘਾਟਨ ਜ਼ਿਲ੍ਹਾ ਯੂਥ ਕਾਂਗਰਸ ਦੇ ਪ੍ਰਧਾਨ ਗੁਰਪ੍ਰੀਤ ਸਿੰਘ ਵਿੱਕੀ ਐਡਵੋਕੇਟ ਨੇ ਕੀਤਾ।
97,pa,ਔਲਾਦ ਪੱਖ ਵਲੋਂ ਕਿਸੇ ਸ਼ੁਭ ਸਮਾਚਾਰ ਦੀ ਪ੍ਰਾਪਤੀ ਹੋਵੋਗੇ ।
98,pa,ਅਜਮੇਰ ਸਿੰਘ ਵੀ ਮੌਜੂਦ ਸਨ।
99,pa,ਗੋਲਡ ਮੈਡਲ:
100,pa,78 ਫ਼ੀਸਦੀ ਲੋਕਾਂ ਨੇ ਇਸ ਨੂੰ ਕਬੂਲ ਲਿਆ ਹੈ।
101,pa,ਦੀਵਾਲੀਆਪਣ ਲਈ ਦਾਇਰ ਚਾਰ ਸਹਾਇਕ ਕੰਪਨੀਆਂ ਦੇ ਬਾਅਦ ਨਾਰਵੇਈਅਨ ਏਅਰ ਦੇ 92 ਮੈਕਸ ਜਹਾਜ਼ਾਂ ਅਤੇ ਪੰਜ 787 ਜਹਾਜ਼ਾਂ ਲਈ ਆਰਡਰ ਦੇਣ ਬਾਰੇ ਵੀ ਅਸਪਸ਼ਟਤਾ ਹੈ.
102,pa,ਉੱਥੇ ਹੀ ਉਹ ਕੋਰੋਨਾਵਾਇਰਸ ਨਾਲ ਇਨਫੈਕਟਿਡ ਹੋਇਆ।
103,pa,ਵਧਦੇ ਕਰਜੇ ਨੇ ਲਈ ਇੱਕ ਹੋਰ ਕਿਸਾਨ ਦੀ ਜਾਨ
104,pa,ਉਹ ਭਾਰਤ ਦੇ ਸੱਭਿਆਚਾਰ ਨੂੰ ਨਹੀਂ ਸਮਝਦੇ।
105,pa,ਇਸ ਮੌਕੇ ਗਣਿਤ ਦੇ ਮਾਹਿਰ ਜੇ ਪੀ ਮਹੇਦਰੂ ਨੇ ਦੱਸਿਆ ਕਿ ਨੇਤਰਾ ਮੋਬਾਇਲ ਐਪਲੀਕੇਸ਼ਨ ਦੀ ਸਹਾਇਤਾ ਨਾਲ ਬੱਚਿਆਂ ਨੂੰ ਪੜਾਉਣ ਅਤੇ ਸਿਖਾਉਣ ਦੇ ਤਰੀਕੇ ਨੂੰ ਬਦਲਿਆ ਜਾ ਸਕਦਾ ਹੈ।
106,pa,ਖੇਤਰ 4
107,pa,ਜੋਗਿੰਦਰ ਸਿੰਘ ਮਾਨ ਸਾਬਕਾ ਮੰਤਰੀ ਪੰਜਾਬ ਅਤੇ ਏ. ਡੀ. ਸੀ. ਫਗਵਾੜਾ ਬਬਿਤਾ ਕਲੇਰ ਨੇ ਸ਼ਿਰਕਤ ਕੀਤੀ।
108,pa,ਸਿਹਤਮੰਦ ਲੋਕਾਂ 'ਤੇ ਮਾਸਕ ਲਗਾਉਣ ਦੀ ਜ਼ਰੂਰਤ ਨਹੀਂ ਹੈ।
109,pa,"ਕਿਸਾਨਾਂ ਦੇ ਮੁਸ਼ਕਿਲ-ਰਹਿਤ ਦਾਖਲੇ ਨੂੰ ਯਕੀਨੀ ਬਣਾਉਣ ਲਈ, ਖੇਤੀਬਾੜੀ ਅਤੇ ਕਿਸਾਨ ਭਲਾਈ ਮੰਤਰਾਲੇ ਨੇ ਬੈਂਕਾਂ, ਬੀਮਾ ਕੰਪਨੀਆਂ, ਕਾਮਨ ਸਰਵਿਸ ਸੈਂਟਰ (ਸੀਐੱਸਸੀ), ਰਾਜ ਪੱਧਰੀ ਬੈਂਕਰ ਕਮੇਟੀ (ਐੱਸਐਲਬੀਸੀ), ਪਿੰਡ ਪੱਧਰ ਦੇ ਉੱਦਮੀਆਂ, ਰਾਜ ਅਤੇ ਜ਼ਿਲ੍ਹਾ ਪੱਧਰੀ ਖੇਤੀਬਾੜੀ ਅਤੇ ਆਤਮਾ ਅਧਿਕਾਰੀ ਆਦਿ ਦੇ 29,275 ਅਧਿਕਾਰੀਆਂ ਨੂੰ ਸਿਖਲਾਈ ਦਿੱਤੀ।"
110,pa,"ਅੰਤ ਵਿੱਚ, ਯੂਰਪੀ ਕਮਿਸ਼ਨ ਦੀ ਕਾਰਜਕਾਰੀ ਸੰਸਥਾ ਯੂਰਪੀਅਨ ਕਮਿਸ਼ਨ ਸੰਸਦ ਦੇ ਪ੍ਰਤੀ ਜਵਾਬਦੇਹ ਹੈ।"
111,pa,"’’ ਉਨ੍ਹਾਂ ਕਿਹਾ, ‘‘ਜੈਨ ਨੇ ਮੈਨੂੰ ਨਿੱਜੀ ਤੌਰ ਉਤੇ ਦੱਸਿਆ ਕਿ ਉਸ ਨੇ ਕੇਜਰੀਵਾਲ ਦੇ ਰਿਸ਼ਤੇਦਾਰ ਨਾਲ ਤਕਰੀਬਨ 50 ਕਰੋੜ ਦੇ ਜ਼ਮੀਨੀ ਸੌਦੇ ਦਾ ਨਿਬੇੜਾ ਕੀਤਾ ਹੈ।"
112,pa,ਬਾਕਾਇਦਾ ਉੱਚੀ ਪੜ੍ਹੋ ।
113,pa,ਉਮੀਦ ਹੈ ਕਿ ਅਜਿਹਾ ਛੇਤੀ ਹੀ ਹੋਵੇਗਾ।
114,pa,"ਉਸਨੇ ਨੈਸ਼ਨਲ ਕਾਲਜ, ਬੰਗਲੁਰੂ ਤੋਂ ਸਾਇੰਸ ਵਿੱਚ ਆਪਣੀ ਪ੍ਰੀ-ਯੂਨੀਵਰਸਿਟੀ ਦੀ ਸਿੱਖਿਆ ਪ੍ਰਾਪਤ ਕੀਤੀ।"
115,pa,"ਮਾੜੀ ਕਿਸਮਤ, ਇਸ ਵਿਚ ਰਾਜਨੀਤੀ ਨੇ ਵੀ ਦਖ਼ਲ ਦਿੱਤਾ ਹੈ।"
116,pa,"ਅਜਿਹੀ ਸਥਿਤੀ ਵਿੱਚ, ਲੋੜ ਹੈ ਤਾਂ ਥੋੜੀ ਸਾਵਧਾਨੀ ਦੀ।"
117,pa,ਘਰ ਪਰਤ ਰਹੇ ਭਾਜਪਾ ਆਗੂ 'ਤੇ ਹਮਲਾ
118,pa,ਉੱਤਰ-ਪੂਰਬੀ ਕੌਂਸਲ ਦੀ ਪਲੀਨਅਰਿ (Plenary) ਮੀਟਿੰਗ ਵਿੱਚ ਸ਼ਾਮਲ ਹੋ ਕੇ ਮੈਨੂੰ ਬਹੁਤ ਖ਼ੁਸ਼ੀ ਹੋਈ ਹੈ।
119,pa,"ਜਾਣਕਾਰੀ ਮੁਤਾਬਕ, ਬ੍ਰਿਟਿਸ਼ ਕੋਲੰਬੀਆ ‘ਚ ਲਗਭਗ 42,000 ਪਬਲਿਕ ਸਕੂਲ ਅਧਿਆਪਕ ਹਨ।"
120,pa,ਐੱਸਪੀਜੀ ਸੋਧ ਬਿੱਲ ’ਤੇ ਰਾਜ ਸਭਾ ਦੀ ਮੋਹਰ
121,pa,"ਉੱਥੇ ਹੀ, ਜਿਹੜੇ ਲੋਕ ਬਾਹਰ ਤੋਂ ਯੋਗਤਾ ਪ੍ਰਾਪਤ ਡਾਕਟਰ ਕੋਲੋਂ ਮੈਡੀਕਲ ਬਣਾਉਣਗੇ ਉਨ੍ਹਾਂ ਨੂੰ ਆਰ. ਟੀ. ਏ. ਦਫਤਰ ‘ਚ ਮੈਡੀਕਲ ਕਰਾਉਣ ਦੀ ਜ਼ਰੂਰਤ ਵੀ ਨਹੀਂ ਹੋਵੇਗੀ।"
122,pa,ਸਾਨੂੰ ਦੂਜੇ ਬੰਦੇ ਦੀਆਂ ਭਾਵਨਾਵਾਂ ਨੂੰ ਸਮਝਣਾ ਅਤੇ ਉਸ ਦੇ ਦੁੱਖ - ਸੁਖ ਨੂੰ ਵੰਡਾਉਣਾ ਚਾਹੀਦਾ ਹੈ ।
123,pa,ਜ਼ਫ਼ਰ ਗੋਹਾਰ ਨੇ ਦੋ ਅਤੇ ਸ਼ੋਏਬ ਮਲਿਕ ਤੇ ਮੁਹੰਮਦ ਨੇ ਇਕ ਇਕ ਵਿਕਟ ਲੲੀ।
124,pa,ਫਿਰ ਵੀ ਉਹ ਪ੍ਰਚਾਰ ਕਰਨ ਜਾਂਦੀ ਹੈ ਤੇ ਸਾਲ ਵਿਚ ਘੱਟੋ - ਘੱਟ ਦੋ ਵਾਰ ਔਗਜ਼ੀਲਰੀ ਪਾਇਨੀਅਰੀ ਕਰਦੀ ਹੈ ।
125,pa,ਵਿੱਤ ਮੰਤਰਾਲੇ ਨੇ ਆਪਣਾ ਪ੍ਰਸਤਾਵ ਕੈਬਨਿਟ ਨੂੰ ਭੇਜਿਆ ਹੈ।
126,pa,ਸੋਨੀਆ ਗਾਂਧੀ ਵੱਲੋਂ ਦੁੱਖ ਦਾ ਪ੍ਰਗਟਾਵਾ
127,pa,ਡੀ. ਐਮ. ਨੰਗਲ ਅਤੇ ਹੋਰ ਸਬੰਧਿਤ ਅਧਿਕਾਰੀ ਮੀਟਿੰਗ ਵਿੱਚ ਹਾਜ਼ਰ ਸਨ |
128,pa,ਮੁੰਬਈ ਵਿੱਚ ਪੈਟਰੋਲ ਦੀ ਕੀਮਤ 97 ਰੁਪਏ ਪ੍ਰਤੀ ਲੀਟਰ ਹੋ ਗਈ ਹੈ ਅਤੇ ਡੀਜ਼ਲ 88.06 ਰੁਪਏ ਪ੍ਰਤੀ ਲੀਟਰ ਹੈ।
129,pa,ਜਲੰਧਰ/ ਜਸਵਿੰਦਰ ਸਿੰਘ
130,pa,ਪੁਲਿਸ ਨੇ ਦੱਸਿਆ ਕਿ ਸੂਚਨਾ ਮਿਲਦਿਆਂ ਸਾਰ ਨਾਕੇਬੰਦੀ ਕਰਕੇ ਉਕਤ ਤਿੰਨੇ ਵਿਅਕਤੀਆਂ ਨੂੰ ਕਾਬੂ ਕਰਕੇ ਉਨ੍ਹਾਂ ਦੇ ਕਬਜ਼ੇ 'ਚੋਂ ਚੋਰੀ ਦੇ ਦੋ ਮੋਟਰਸਾਈਕਲ ਬਰਾਮਦ ਕੀਤੇ ਗਏ।
131,pa,ਫ਼ੌਜ ਮੁਖੀ ਜਨਰਲ ਬਿਪਿਨ ਰਾਵਤ ਨੇ ਪਹਲਗਾਮ ਚ ਕਿਹਾ ਸੀ ਕਿ ਜੇਕਰ ਗੋਗੋਈ ਨੂੰ ਕਿਸੇ ਵੀ ਅਪਰਾਧ ਚ ਦੋਸ਼ੀ ਪਾਇਆ ਗਿਆ ਤਾਂ ਉਨ੍ਹਾਂ ਨੂੰ ਸਖਤ ਸਜ਼ਾ ਦਿੱਤੀ ਜਾਵੇਗੀ।
132,pa,ਉੱਚ ਏੜੀ ਦੇ ਨਾਲ ਜੁੱਤੀ.
133,pa,ਪਾਪ ਕਰਨ ਤੋਂ ਬਾਅਦ ਵੀ ਯਹੋਵਾਹ ਨੇ ਉਨ੍ਹਾਂ ਨੂੰ ਬੱਚੇ ਪੈਦਾ ਕਰਨ ਦੀ ਇਜਾਜ਼ਤ ਦਿੱਤੀ ।
134,pa,ਦੋਨੋਂ ਪਹਿਲਾਂ ਹੀ ਇਕਾਂਤਵਾਸ 'ਚ ਸਨ।
135,pa,ਇਸ ਸਬੰਧੀ ਥਾਣਾ ਸਦਰ ਤਰਨਤਾਰਨ ਦੀ ਪੁਲਿਸ ਨੇ ਮੋਟਰਸਾਈਕਲ ਚਾਲਕ ਖ਼ਿਲਾਫ਼ ਕੇਸ ਦਰਜ ਕਰ ਲਿਆ ਹੈ।
136,pa,ਜੀਵਨ ਸਾਥੀ ਦੇ ਨਾਲ ਪ੍ਰੇਮ ਸੰਬੰਧ ਮਜਬੂਤ ਹੋਣਗੇ ।
137,pa,ਇਕ ਲੇਖਕਾ ਨੇ ਲਿਖਿਆ ਕਿ ਧੋਖਾ ਦੇਣਾ ਅੱਜ ਆਮ ਹੋ ਗਿਆ ਹੈ ।
138,pa,ਵਿਗਿਆਨ ਤੇ ਤਕਨਾਲੋਜੀ ਮੰਤਰਾਲਾ ਭਾਰਤ ਅਰਥਵਿਵਸਥਾ ਨੂੰ ਵਿਗਿਆਨ ਅਤੇ ਟੈਕਨੋਲੋਜੀ ਰਾਹੀਂ ਮੁੜ ਚਾਲੂ ਕਰਨ ਲਈ ਤਿਆਰ ਬਰ ਤਿਆਰ- ਡਾ.
139,pa,"ਇਸ ਮੌਕੇ ਲੋਕ ਸਭਾ ਮੈਂਬਰ ਗੁਰਜੀਤ ਸਿੰਘ ਔਜਲਾ, ਓਮ ਪ੍ਰਕਾਸ਼ ਸੋਨੀ, ਸੁਖਵਿੰਦਰ ਸਿੰਘ ਡੈਨੀ ਬੰਡਾਲਾ, ਹਰਪ੍ਰਤਾਪ ਸਿੰਘ ਅਜਨਾਲਾ, ਡਾ: ਰਾਜ ਕੁਮਾਰ ਵੇਰਕਾ, ਬਲਵਿੰਦਰ ਸਿੰਘ ਲਾਡੀ, ਫਤਿਹਜੰਗ ਸਿੰਘ ਬਾਜਵਾ, ਸੁਖਜਿੰਦਰਰਾਜ ਸਿੰਘ ਲਾਲੀ ਮਜੀਠੀਆ ਨੇ ਵੀ ਸੰਬੋਧਨ ਕੀਤਾ | ਇਸ ਮੌਕੇ ਸੁਨੀਲ ਦੱਤੀ, ਧਰਮਵੀਰ ਅਗਨੀਹੋਤਰੀ, ਸੁਖਪਾਲ ਸਿੰਘ ਭੁੱਲਰ, ਰਵਿੰਦਰਪਾਲ, ਸਾਬਕਾ ਮੰਤਰੀ ਗੁਰਚੇਤ ਸਿੰਘ ਭੁੱਲਰ, ਜੁਗਲ ਕਿਸ਼ੋਰ ਸ਼ਰਮਾ, ਭਗਵੰਤਪਾਲ ਸਿੰਘ ਸੱਚਰ, ਹਰਜਿੰਦਰ ਸਿੰਘ ਠੇਕੇਦਾਰ ਅਤੇ ਹੋਰ ਸੀਨੀਅਰ ਕਾਂਗਰਸੀ ਆਗੂ ਵੀ ਹਾਜ਼ਰ ਸਨ |"
140,pa,ਸੂਬਾ ਸਰਕਾਰ ਵੱਲੋਂ ਕਰੋਨਾ ਵਾਇਰਸ ਤੋਂ ਬਚਾਅ ਕਰਨ ਲਈ ਹਰ ਤਰ੍ਹਾਂ ਦੇ ਪੁਖਤਾ ਕਦਮ ਚੁੱਕੇ ਜਾ ਰਹੇ ਹਨ।
141,pa,” ਇਹ ਕੋਣ ਹੋਵੇ ਗੁਸਤਾਖ ਬੋਲਣ ਵਾਲਾ?
142,pa,ਮੈਂ ਇਸ ਸੰਗਠਨ ਦੀ ਸਾਲ 2017-18 ਲਈ ਦੱਖਣੀ ਅਫਰੀਕਾ ਦੀ ਚੇਅਰਮੈਨਸ਼ਿਪ ਲਈ ਸਵਾਗਤ ਕਰਦਾ ਹਾਂ।
143,pa,ਇਹ ਸਾਡੀਆਂ ਸੋਚਾਂ ਦੀ ਵੀ ਰਾਖੀ ਕਰ ਸਕਦੀ ਹੈ ।
144,pa,ਸਾਬਕਾ ਸਕੱਤਰ
145,pa,ਸਮਾਜ ਦੇ ਸਾਰੇ ਵਰਗਾਂ ਦੇ ਲੋਕ ਸਰਕਾਰ ਦੀ ਮਾੜੀ ਕਾਰਗੁਜ਼ਾਰੀ ਤੋਂ ਤੰਗ ਆ ਚੁੱਕੇ ਹਨ।
146,pa,ਮੁੱਖ ਵਿਸ਼ੇਸ਼ਤਾਵਾਂ : ਡੀਏਵਾਈ-ਐੱਨਆਰਐੱਲਐੱਮ ਗ਼ਰੀਬਾਂ ਵਿੱਚੋਂ ਸਭ ਤੋਂ ਗ਼ਰੀਬ ਅਤੇ ਸਭ ਤੋਂ ਕਮਜ਼ੋਰ ਭਾਈਚਾਰਿਆਂ ‘ਤੇ ਧਿਆਨ ਦੇਣ ਨੂੰ ਅਤੇ ਉਨ੍ਹਾਂ ਦੇ ਵਿੱਤੀ ਸਮਾਵੇਸ਼ਨ ’ਤੇ ਵਿਸ਼ੇਸ਼ ਬਲ ਦਿੰਦਾ ਹੈ।
147,pa,ਸਹਾਇਕ ਪੁਸਤਕਾਂ :
148,pa,ਕੀ ਆਪਣੇ ਕੰਮ ਦੀ ਅਗਵਾਈ?
149,pa,ਪ੍ਰਧਾਨ ਮੰਤਰੀ ਨਵਾਜ਼ ਸ਼ਰੀਫ ਨੇ ਇਸ ਹਾਦਸੇ ‘ਤੇ ਸ਼ੋਕ ਪ੍ਰਗਟ ਕਰਦੇ ਹੋਏ ਮ੍ਰਿਤਕਾਂ ਦੇ ਵਾਰਸਾਂ ਨਾਲ ਹਮਦਰਦੀ ਦਾ ਪ੍ਰਗਟਾਵਾ ਕੀਤਾ ਹੈ। ਉਨ੍ਹਾਂ ਨੇ ਇਸ ਹਾਦਸੇ ਵਿੱਚ ਝੁਲਸੇ ਲੋਕਾਂ ਦੇ ਵਧੀਆ ਇਲਾਜ ਲਈ ਸੂਬਾ ਸਰਕਾਰ ਨੂੰ ਨਿਰਦੇਸ਼ ਦਿੱਤੇ ਹਨ।
150,pa,ਮੈਨੂੰ ਕਹਿਣਾ ਚਾਹੀਦਾ ਹੈ ਕਿ ਨਾ ਸਭ ਕੁਝ ਇਸ ਲਈ ਚੰਗਾ ਹੈ.
151,pa,ਪਤਨੀ ਦਾ ਚਿਹਰਾ ਗੁੱਸੇ ਨਾਲ ਭਖ ਰਿਹਾ ਸੀ।
152,pa,ਇਸ ਵਾਰਦਾਤ 'ਚ ਖੁਦ ਦਿਲਾਵਰ ਸਿੰਘ ਵੀ ਮਾਰਿਆ ਗਿਆ ਸੀ।
153,pa,ਆਪਣੀ ਇਸ ਨਿਯੁਕਤੀ ਲਈ ਸੰਧੂ ਨੇ ਮਾਲ ਮੰਤਰੀ ਸੁਖਬਿੰਦਰ ਸਿੰਘ ਸਰਕਾਰੀਆ ਦਾ ਧੰਨਵਾਦ ਕੀਤਾ ਅਤੇ ਭਰੋਸਾ ਦਿੱਤਾ ਕਿ ਉਹ ਆਪਣੀ ਜ਼ਿੰਮੇਵਾਰੀ ਪੂਰੀ ਇਮਾਨਦਾਰੀ ਅਤੇ ਤਨਦੇਹੀ ਨਾਲ ਨਿਭਾਉਣਗੇ।
154,pa,ਇਹ ਹਰ ਭਾਰਤੀ ਦਾ ਸੁਪਨਾ ਹੈ।
155,pa,ਜਿਨ੍ਹਾਂ ‘ਚ ਨਬਾਲਿਗ ਲੜਕੀਆਂ ਵੀ ਸ਼ਾਮਲ ਹਨ।
156,pa,ਉਸ ਨੇ ਕਿਹਾ: “ਤੁਸੀਂ ਸਾਰੇ ਜਣੇ ਭਰਾ ਹੋ । ”
157,pa,"ਫਿਲਮ ਵਿਚ ਦਿਲਜੀਤ ਦੋਸਾਂਝ, ਸੂਰਜ ਸ਼ਰਮਾ, ਮੇਹਰੀਨ ਪੀਰਜ਼ਾਦਾ ਅਤੇ ਅਨੁਸ਼ਕਾ ਨੇ ਮੁੱਖ ਭੂਮਿਕਾ ਨਿਭਾਈ ਹੈ।"
158,pa,ਫੋਟੋਆਂ: ਪ੍ਰਦੀਪ ਤਿਵਾਡ਼ੀ
159,pa,ਚੌਧਰੀ ਨੇ ਕਿਹਾ ਕਿ ਅਸੀਂ ਕਾਤਲਾਂ ਅਤੇ ਇਸ ਕਤਲ ਕਾਂਡ ਪਿੱਛੇ ਰਹੇ ਮਕਸਦ ਬਾਰੇ ਪਤਾ ਲਗਾਉਣ ਦੀ ਕੋਸ਼ਿਸ਼ ਕਰ ਰਹੇ ਹਾਂ।
160,pa,"ਜੋ ਕਿ ਸਾਡਾ ਕੰਮ ਹੈ,"
161,pa,ਜੀਸੰਪਾਦਕ ਨੂੰ ਇੱਕਲੇ ਮੋਡ 'ਚ ਚਲਾਓ
162,pa,"ਪਰ ਨਾਲ ਹੀ, ਉੱਚ ਘਣਤਾ ਵਾਲੇ ਡਰੇਡਿੰਗ ਪ੍ਰਾਜੈਕਟ ਸਥਾਨਕ ਜੰਗਲੀ ਜੀਵ ਅਬਾਦੀ ਦੀ ਮੌਤ ਦਾ ਮੁੱਖ ਕਾਰਨ ਰਿਹਾ ਹੈ।"
163,pa,ਚੰਦ ਮਿਸ਼ਰਾ
164,pa,ਪਰ ਦਿਲ ਨਹੀਂ ਹਾਰਨਾ ਚਾਹੀਦਾ।
165,pa,ਬਾਰਸ਼ ਨੇ ਆਸਟਰੇਲੀਆ ਦੀਆਂ ਉਮੀਦਾਂ 'ਤੇ ਫੇਰਿਆ ਪਾਣੀ
166,pa,ਸਕੂਲ ਖੁਜਾਲਾ ਸ਼ਾਮਿਲ ਹਨ।
167,pa,"ਇੰਡਸਟਰੀ ਨੂੰ ਸਮੂਹਿਕ ਰੂਪ ਵਿੱਚ ਇਸ ਦੀ ਵਰਤੋਂ ਕਰਨ ਵਾਲਿਆਂ ਦਾ ਅਧਿਐਨ ਅਤੇ ਉਨ੍ਹਾਂ ਨੂੰ ਸਮਝਣ ਦੀ ਜ਼ਰੂਰਤ ਹੈ ਕਿ ਉਹ ਕੀ ਚਾਹੁੰਦੇ ਹਨ. ਉਦਾਹਰਣ ਲਈ, ਕਈ ਖੇਤਰਾਂ ਅਤੇ ਕਈ ਸਮੂਹਾਂ ਵਿੱਚ ਸੋਨੇ ਨੂੰ ਪਹਿਲ ਦਿੱਤੀ ਜਾਂਦੀ ਹੈ, ਕਈਆਂ ਵਿੱਚ ਚਾਂਦੀ ਅਤੇ ਕਈਆਂ ਵਿੱਚ ਪਲੈਟੀਨਮ ਨੂੰ।"
168,pa,ਹਾਲਾਂਕਿ ਉਨ੍ਹਾਂ ਨੇ ਵਿਦੇਸ਼ ਮਾਮਲਿਆਂ ਬਾਰੇ ਰਾਜ ਮੰਤਰੀ ਐੱਮ. ਜੇ. ਅਕਬਰ 'ਤੇ ਗੱਲ ਕਰਨ ਤੋਂ ਇਨਕਾਰ ਕਰ ਦਿੱਤਾ.
169,pa,ਇਸ ਕਾਰਨ ਦੋਵਾਂ ਦੇਸ਼ਾਂ 'ਚ ਤਣਾਅ ਕਾਫ਼ੀ ਵਧ ਗਿਆ ਹੈ।
170,pa,ਇਸ ਲਈ ਆਓ ਆਪਾਂ ਨਹਮਯਾਹ ਵਾਂਗ ਯਹੋਵਾਹ ਦੀ ਭਗਤੀ ਨੂੰ ਆਪਣੀ ਜ਼ਿੰਦਗੀ ਦਾ ਸਭ ਤੋਂ ਜ਼ਰੂਰੀ ਹਿੱਸਾ ਬਣਾਈਏ ।
171,pa,ਮਸੀਹ ਕਿਸ ਦੇ ਜ਼ਰੀਏ ਧਰਤੀ ਉੱਤੇ ਆਪਣੀ ਕਲੀਸਿਯਾ ਦੀ ਅਗਵਾਈ ਕਰਦਾ ਹੈ?
172,pa,ਦੋਸਤ - ਚੰਡਲਰ ਅਤੇ ਮੋਨਿਕਾ
173,pa,ਉਹ ਯਿਸੂ ਨੂੰ ਪਰਖਣ ਲਈ “ਕਿਸੇ ਹੋਰ ਮੌਕੇ ਦੀ ਉਡੀਕ ਕਰਨ ਲੱਗਾ । ”
174,pa,"ਫਿਲਮ ਦੀ ਸਟਾਰ ਕਾਸਟ ਦੀ ਗਲੱਲ ਕਰੀਏ ਤਾਂ ਰਣਵੀਰ ਸਿੰਘ , ਸਾਰਾ ਅਲੀ ਖਾਨ ਅਤੇ ਸੋਨੂੰ ਸੂਦ ਮੇਨ ਲੀਡ ਰੋਲ ‘ਚ ਹਨ।"
175,pa,ਉਨ੍ਹਾਂ ਨੇ ਇਹਨਾਂ ਮੁਕਾਬਲਿਆਂ ਵਿਚ ਵੱਧ ਚੜ੍ਹ ਕੇ ਹਿੱਸਾ ਲੈਣ ਵਾਸਤੇ ਨੌਜਵਾਨਾਂ ਨੂੰ ਪ੍ਰੇਰਣਾ ਵੀ ਕੀਤੀ।
176,pa,ਵੱਡੀ ਮਾਤਰਾ ’ਚ ਨਸ਼ੀਲੇ ਪਦਾਰਥ ਬਰਾਮਦ
177,pa,ਹਰ ਕੋਈ ਆਪਣੇ ਸੁਆਦ ਦੇ ਹਿਸਾਬ ਨਾਲ ਬਣਾਉਂਦਾ ਹੈ।
178,pa,ਰੱਬ ਨੇ ਧਰਤੀ ਅਤੇ ਮਨੁੱਖਜਾਤੀ ਲਈ ਕੀ ਮਕਸਦ ਰੱਖਿਆ ਸੀ?
179,pa,ਇਸ ਨੂੰ ਜਾਰੀ ਰੱਖੋ
180,pa,ਪਰ ਪੁਲਿਸ ਵੱਲੋਂ ਕੋਈ ਢੁੱਕਵੀਂ ਕਾਰਵਾਈ ਨਹੀਂ ਕੀਤੀ ਗਈ।
181,pa,"ਕਤਲ ਦਾ ਡਰਾਮਾ ਕਰਕੇ ਪਤੀ, ਸੱਸ, ਸਹੁਰੇ ਨੂੰ ਜੇਲ੍ਹ ਪਹੁੰਚਾਉਣ ਵਾਲੀ ਔਰਤ ਕਾਬੂ"
182,pa,"ਜਿਹੜੀਆਂ ਭੀੜਾਂ ਯਿਸੂ ਨੂੰ ਸੁਣਨ ਲਈ ਆਈਆਂ ਸਨ, ਉਨ੍ਹਾਂ ਨੂੰ ਯਿਸੂ ਨੇ ਕਿਹੜਾ ਦ੍ਰਿਸ਼ਟਾਂਤ ਸੁਣਾਇਆ?"
183,pa,ਵਿਦਿਆਰਥੀਆਂ ਨੇ ਬਸੰਤ ਦੇ ਗਾਣੇ ਗਾਏ।
184,pa,ਇਹ ਜਾਣਕਾਰੀ ਖੁਦ ਸੁਸ਼ਮਾ ਸਵਰਾਜ ਨੇ ਟਵੀਟ ਹੈਂਡਲ 'ਤੇ ਦਿੱਤੀ।
185,pa,"ਪੌਦਿਆਂ ਦੇ ਵੱਖ ਵੱਖ ਸਮੂਹਾਂ ਵਿੱਚ ਹੋਰ ਸੋਧਾਂ ਹਨ, ਇਸ ਲਈ-ਕਹਿੰਦੇ ਪੱਤੇ ਦੇ ਫਲ (ਜਿਵੇਂ ਕਿ ਆੜੂ) ਕੋਲ ਇੱਕ ਕਠੋਰ ਫਰਕ ਲੇਅਰ (ਐਂਡੋਓਕਾਰਪ) ਹੈ ਜੋ ਅਸਲ ਬੀਜਾਂ ਨਾਲ ਜੁੜੇ ਹੋਏ ਹਨ।"
186,pa,"ਉਨ੍ਹਾਂ ਨੇ ਕਿਹਾ ਕਿ ਜਿੱਥੇ ਇੱਕ ਪਾਸੇ ਭਾਰਤੀ ਅਰਥਵਿਵਸਥਾ ਸਾਲ 2014 ਤੋਂ ਸਾਲ 2019 ਦਰਮਿਆਨ 11ਵੇਂ ਸਥਾਨ ਤੋਂ ਉੱਤੇ ਆ ਕੇ 5ਵੇਂ ਸਥਾਨ ਉੱਤੇ ਪਹੁੰਚ ਗਈ, ਉੱਥੇ ਹੀ ਦੂਜੇ ਪਾਸੇ ਭਾਰਤ ਨੂੰ 5 ਟ੍ਰਿਲੀਅਨ ਡਾਲਰ ਦੀ ਅਰਥਵਿਵਸਥਾ ਬਣਾਉਣ ਦੇ ਟੀਚੇ ਨਾਲ, ਭਾਰਤ ਨੂੰ ਹੋਰ ਉੱਪਰ ਆ ਕੇ ਤੀਸਰੇ ਸਥਾਨ ਉੱਤੇ ਪਹੁੰਚਣ ਵਿੱਚ ਮਦਦ ਮਿਲੇਗੀ।"
187,pa,ਇਸ ਕਾਰਨ ਇਹ ਕਦਮ ਚੁੱਕਿਆ ਗਿਆ।
188,pa,ਮੱਧ ਪ੍ਰਦੇਸ਼ ਅਤੇ ਰਾਜਸਥਾਨ 'ਚ ਸਿਆਸੀ ਹਲਚਲ ਦੇ ਦਰਮਿਆਨ ਕਰਨਾਟਕ 'ਚ ਜਨਤਾ ਦਲ (ਸੈਕੂਲਰ) ਨਾਲ ਚੱਲ ਰਹੀ ਕਾਂਗਰਸ ਦੀ ਗੱਠਜੋੜ ਸਰਕਾਰ 'ਤੇ ਸੰਕਟ ਦੇ ਬੱਦਲ ਮਡਰਾ ਰਹੇ ਹਨ।
189,pa,ਪਰ ਉਹਨਾਂ ਦਿਨਾਂ ਵਿੱਚ ਮੋਬਾਇਲ ਫੋਨ ਤਾਂ ਕੀ ਲੈੰਡ ਲਾਈਨ ਫੋਨ ਵੀ ਆਮ ਨਹੀਂ ਸਨ ਹੁੰਦੇ.
190,pa,ਫੋੜੇ ਦੀ ਰੋਕਥਾਮ ਲਈ ਕੁਝ ਸੁਝਾਅ:
191,pa,"ਪ੍ਰਬੰਧਕਾਂ ਵੱਲੋਂ ਜੇਤੂ ਟੀਮਾਂ ਨੂੰ ਟਰਾਫੀਆਂ, ਟਰੈਕ ਸੂਟ ਤੇ ਨਗਦ ਇਨਾਮਾਂ ਨਾਲ ਨਿਵਾਜਿਆ ਗਿਆ।"
192,pa,ਉਨ੍ਹਾਂ ਦੀਆਂ ਮਿਸਾਲਾਂ ‘ ਸਾਡੀ ਸਿੱਖਿਆ ਦੇ ਲਈ ਲਿਖੀਆਂ ਗਈਆਂ ਹਨ ’ ਜੋ ਸਾਡੇ ਵਿਚ ਹੋਰ ਜੋਸ਼ ਪੈਦਾ ਕਰ ਸਕਦੀਆਂ ਹਨ । — ਰੋਮੀ.
193,pa,ਐਸ. ਓ. ਸੀ ਅੰਮ੍ਰਿਤਸਰ ਵਿਖੇ ਮਾਮਲਾ ਦਰਜ ਕੀਤਾ ਗਿਆ ਹੈ।
194,pa,ਸਕ੍ਰਿਪਟ ਇੰਝ ਸੰਭਾਲੋ...
195,pa,ਅਤੇ ਅਸੀਂ ਤੁਹਾਡਾ ਸਵਾਗਤ ਕਰਦੇ ਹਾਂ!
196,pa,"ਆਪਣੇ ਬਚਨ, ਬਾਈਬਲ ਵਿਚ, ਯਹੋਵਾਹ ਨੇ ਸਦੀਆਂ ਦੌਰਾਨ ਅਪੂਰਣ ਮਨੁੱਖਾਂ ਦੇ ਨਾਲ ਆਪਣੇ ਵਰਤਾਉ ਦੇ ਤਰੀਕਿਆਂ ਦਾ ਰਿਕਾਰਡ ਸੰਭਾਲ ਕੇ ਰੱਖਿਆ ਹੈ ।"
197,pa,ਇਸ ਟੀਕੇ ਦੀਆਂ ਦੋ ਖੁਰਾਕਾਂ ਦਿੱਤੀਆਂ ਜਾਣਗੀਆਂ।
198,pa,ਯਿਸੂ ਨੇ ਕਿਹਾ: “ਮੈਂ ਹੀ ਹਾਂ ਜਿਸ ਰਾਹੀਂ ਮਰੇ ਹੋਇਆਂ ਨੂੰ ਜੀਉਂਦਾ ਕੀਤਾ ਜਾਵੇਗਾ ਅਤੇ ਲੋਕਾਂ ਨੂੰ ਜ਼ਿੰਦਗੀ ਮਿਲੇਗੀ ।
199,pa,ਪਰ ਦੋਸਤ ਦੀ ਚੋਣ ਬਹੁਤ ਸੋਚ ਸਮਝ ਕੇ ਹੀ ਕਰੋ।