tweet	sentiment
@switchfoot http://twitpic.com/2y1zl - Awww, that's a bummer.  You shoulda got David Carr of Third Day to do it. ;D	0
is upset that he can't update his Facebook by texting it... and might cry as a result  School today also. Blah!	0
@Kenichan I dived many times for the ball. Managed to save 50%  The rest go out of bounds	0
my whole body feels itchy and like its on fire 	0
@nationwideclass no, it's not behaving at all. i'm mad. why am i here? because I can't see you all over there. 	0
@Kwesidei not the whole crew 	0
Need a hug 	0
@LOLTrish hey  long time no see! Yes.. Rains a bit ,only a bit  LOL , I'm fine thanks , how's you ?	0
@Tatiana_K nope they didn't have it 	0
@twittera que me muera ? 	0
spring break in plain city... it's snowing 	0
I just re-pierced my ears 	0
@caregiving I couldn't bear to watch it.  And I thought the UA loss was embarrassing . . . . .	0
@octolinz16 It it counts, idk why I did either. you never talk to me anymore 	0
@smarrison i would've been the first, but i didn't have a gun.    not really though, zac snyder's just a doucheclown.	0
@iamjazzyfizzle I wish I got to watch it with you!! I miss you and @iamlilnicki  how was the premiere?!	0
Hollis' death scene will hurt me severely to watch on film  wry is directors cut not out now?	0
about to file taxes 	0
@LettyA ahh ive always wanted to see rent  love the soundtrack!!	0
@FakerPattyPattz Oh dear. Were you drinking out of the forgotten table drinks? 	0
@alydesigns i was out most of the day so didn't get much done 	0
one of my friend called me, and asked to meet with her at Mid Valley today...but i've no time *sigh* 	0
@angry_barista I baked you a cake but I ated it 	0
this week is not going as i had hoped 	0
blagh class at 8 tomorrow 	0
I hate when I have to call and wake people up 	0
Just going to cry myself to sleep after watching Marley and Me.  	0
im sad now  Miss.Lilly	0
ooooh.... LOL  that leslie.... and ok I won't do it again so leslie won't  get mad again 	0
Meh... Almost Lover is the exception... this track gets me depressed every time. 	0
some1 hacked my account on aim  now i have to make a new one	0
@alielayus I want to go to promote GEAR AND GROOVE but unfornately no ride there  I may b going to the one in Anaheim in May though	0
thought sleeping in was an option tomorrow but realizing that it now is not. evaluations in the morning and work in the afternoon! 	0
@julieebaby awe i love you too!!!! 1 am here  i miss you	0
@HumpNinja I cry my asian eyes to sleep at night 	0
ok I'm sick and spent an hour sitting in the shower cause I was too sick to stand and held back the puke like a champ. BED now 	0
@cocomix04 ill tell ya the story later  not a good day and ill be workin for like three more hours...	0
@MissXu sorry! bed time came here (GMT+1)   http://is.gd/fNge	0
@fleurylis I don't either. Its depressing. I don't think I even want to know about the kids in suitcases. 	0
Bed. Class 8-12. Work 12-3. Gym 3-5 or 6. Then class 6-10. Another day that's gonna fly by. I miss my girlfriend 	0
really don't feel like getting up today... but got to study to for tomorrows practical exam... 	0
He's the reason for the teardrops on my guitar the only one who has enough of me to break my heart 	0
Sad, sad, sad. I don't know why but I hate this feeling  I wanna sleep and I still can't!	0
@JonathanRKnight Awww I soo wish I was there to see you finally comfortable! Im sad that I missed it 	0
Falling asleep. Just heard about that Tracy girl's body being found. How sad  My heart breaks for that family.	0
@Viennah Yay! I'm happy for you with your job! But that also means less time for me and you... 	0
Just checked my user timeline on my blackberry, it looks like the twanking is still happening  Are ppl still having probs w/ BGs and UIDs?	0
Oh man...was ironing @jeancjumbe's fave top to wear to a meeting. Burnt it 	0
is strangely sad about LiLo and SamRo breaking up. 	0
@tea oh! i'm so sorry  i didn't think about that before retweeting.	0
Broadband plan 'a massive broken promise' http://tinyurl.com/dcuc33 via www.diigo.com/~tautao Still waiting for broadband we are 	0
@localtweeps Wow, tons of replies from you, may have to unfollow so I can see my friends' tweets, you're scrolling the feed a lot. 	0
our duck and chicken are taking wayyy too long to hatch 	0
Put vacation photos online a few yrs ago. PC crashed, and now I forget the name of the site. 	0
I need a hug 	0
@andywana Not sure what they are, only that they are PoS! As much as I want to, I dont think can trade away company assets sorry andy! 	0
@oanhLove I hate when that happens... 	0
I have a sad feeling that Dallas is not going to show up  I gotta say though, you'd think more shows would use music from the game. mmm	0
Ugh....92 degrees tomorrow 	0
Where did u move to?  I thought u were already in sd. ?? Hmmm. Random u found me. Glad to hear yer doing well.	0
@BatManYNG I miss my ps3, it's out of commission  Wutcha playing? Have you copped 'Blood On The Sand'?	0
just leaving the parking lot of work! 	0
The Life is cool. But not for Me. 	0
Sadly though, I've never gotten to experience the post coitus cigarette before, and now I never will. 	0
I had such a nice day. Too bad the rain comes in tomorrow at 5am 	0
@Starrbby too bad I won't be around I lost my job and can't even pay my phone bill lmao aw shucks 	0
Damm back to school tomorrow 	0
Mo jobs, no money.  how in the hell is min wage here 4 f'n clams an hour?	0
@katortiz  Not forever... See you soon!	0
@Lt_Algonquin agreed, I saw the failwhale allllll day today. 	0
@jdarter Oh! Haha... dude I dont really look at em unless someone says HEY I ADDED YOU. Sorry  I'm so terrible at that. I need a pop up!	0
@ninjen I'm sure you're right...    I need to start working out with you and the Nikster... Or Jared at least!	0
i really hate how people diss my bands!  Trace is clearly NOT ugly!	0
Gym attire today was: Puma singlet, Adidas shorts.......and black business socks and leather shoes  Lucky did not run into any cute girls.	0
Why won't you show my location?!   http://twitpic.com/2y2es	0
No picnic  my phone smells like citrus.	0
@ashleyac My donkey is sensitive about such comments. Nevertheless, he'd (and me'd) be glad to see your mug asap. Charger is still awol. 	0
No new csi tonight.  FML	0
i think my arms are sore from tennis 	0
wonders why someone that u like so much can make you so unhappy in a split seccond . depressed . 	0
sleep soon... i just hate saying bye and see you tomorrow for the night. 	0
@statravelAU just got ur newsletter, those fares really are unbelievable, shame I already booked and paid for mine 	0
missin' the boo 	0
@markhardy1974 Me too  #itm	0
Damn... I don't have any chalk! MY CHALKBOARD IS USELESS 	0
had a blast at the Getty Villa, but hates that she's had a sore throat all day. It's just getting worse too 	0
@msdrama hey missed ya at the meeting  sup mama	0
My tummy hurts.  I wonder if the hypnosis has anything to do with it? If so, it's working, I get it, STOP SMOKING!!!	0
why is it always the fat ones?! 	0
@januarycrimson Sorry, babe!!  My fam annoys me too. Thankfully, they're asleep right now. Muahaha. *evil laugh*	0
@Hollywoodheat I should have paid more attention when we covered photoshop in my webpage design class in undergrad 	0
wednesday my b-day! don't know what 2 do!! 	0
Poor cameron (the hills) 	0
pray for me please, the ex is threatening to start sh** at my/our babies 1st Birthday party. what a jerk. and I still have a headache 	0
@makeherfamous hmm  , do u really enjoy being with him ? if the problems are too constants u should think things more , find someone ulike	0
Strider is a sick little puppy  http://apps.facebook.com/dogbook/profile/view/5248435	0
so rylee,grace...wana go steve's party or not?? SADLY SINCE ITS EASTER I WNT B ABLE 2 DO MUCH  BUT OHH WELL.....	0
hey, I actually won one of my bracket pools! Too bad it wasn't the one for money 	0
@stark YOU don't follow me, either  and i work for you!	0
A bad nite for the favorite teams: Astros and Spartans lose.  The nite out with T.W. was good.	0
 Body Of Missing Northern Calif. Girl Found: Police have found the remains of a missing Northern California girl .. http://tr.im/imji	0
@mangaaa I hope they will increase the capacity fast, yesterday was such a pain. Got the fail whale +15 times in 2 hours.... 	0
Behind on my classes for work 	0
watching &quot;House&quot; 	0
@kpreyes Remember my bum leg? Strikes back this time its serious 	0
@paradisej cool, i will. their are all kinds of complaints about this laptop online about overheating, but no recalls 	0
Emily will be glad when Mommy is done training at her new job. She misses her.  http://apps.facebook.com/dogbook/profile/view/6176014	0
would rather the first party send bad messages than the 3rd party send mixed ones  Sophmore year all over again?	0
@Henkuyinepu it's overrated 	0
@marykatherine_q i know! I heard it this afternoon and wondered the same thing. Moscow is so behind the times 	0
laying in bed with no voice.. 	0
I'm sooo sad!!! they killed off Kutner on House  whyyyyyyyy	0
@jacobsummers Sorry  tell them mea culpa from me and that I really am sorry.	0
@Alliana07 it didn't make any sense to me, the suicide thing. I refuse to believe that that is actually what happened. 	0
@salancaster  hope your ok.	0
@mercedesashley Damn! The grind is inspirational and saddening at the same time.  Don't want you to stop cuz I like what u do! Much love	0
@HibaNick yeah aw but i know i wudnt stand a chance 	0
ugh. cant sleep. its 1:30am. 	0
Hanging in Crooners. Wanna sing. Can't. Sucks. 	0
@eRRe_sC aaw i miss ya all too.. im leaving to BH tomorrow &quot;morning&quot; i think.. aww i wanna go to the beach w u girls!! 	0
Is pissed off that there's no ASBA's for a radio station. 	0
wednesday my b-day n don't know what 2 do!  	0
I know my life has been flipped upside down when I just thought in my head that some Ramen sounds good. 	0
I am in pain. My back and sides hurt. Not to mention crying is made of fail. 	0
Late night snack, glass of OJ b/c I'm &quot;down with the sickness&quot;, then back to sleep...ugh I hate getting sick... 	0
@allyheman but.. but.. but.. I'm not a big fan on camilla belle 	0
@grum WAH I can't see clip, must be el-stupido work filters. Can't wait 'till I get a 'puter. Something else 2 blame ex 4. He broke mine 	0
This week just seems to get longer and longer in terms of how much I need to do.. and how much I'm actually going to get done 	0
I'm so cold 	0
@thecoolestout Ehhh don't. Weather's gonna take a turn for the ugly tomorrow 	0
@chelserlynn haha its so cooooold in the d! and no  but you should still go to the show. they do some incredible stuff	0
Hoping the tummy rumbles go away soon 	0
@Knights_ No, no notice. They told me I'd be working tomorrow, and then I called the agency to follow up and they said it was over. 	0
almost bedtime 	0
I'm missing you babe..  but as long as your alive I'm happy.. Yawwwnn.. I'm tired my love imma try to sleep hopefully you had a headstart	0
Agh...snow!!! 	0
i miss kenny powers 	0
@BridgetsBeaches Thank you for letting people know, but now I'm sad that the direct message I got wasn't actually from Bridget 	0
...and, India missed out its 100th Test victory n 10th consecutive win without a loss. 	0
@JonathanRKnight I guess that's a no then. 	0
sadly is going to bed. 	0
@ozesteph1992 Shame to hear this Stephan 	0
@mrsaintnick hey! i'm leavin in the morning... 	0
Was intending to finish editing my 536-page novel manuscript tonight, but that will probably not happen. And only 12 pages are left 	0
laid around too much today... now my head hurts 	0
@twista202 I still haven't read the 9th&amp;10th Princess diaries  Saving Francesca made me cry at the end. Hmm those are easy books.	0
my nokia 1110 died..  	0
My mom might have breast cancer won't find out anything for. Like a week I'm so worried! 	0
Going to sleep. Hoping tomorrow is a better day. 	0
@rumblepurr lol.. wish they understood daylight savings has ended though and breakfast is an hour later  They keep waking the kids up too	0
@onemoreproject that is lame 	0
I don't understand... I really don't 	0
HEROES just isn't doing it for me this season... 	0
Living not downtown sure isn't much fun.  	0
@jonathanchard Not calorie wise   I wish junk food was calorie free! I ate a thing of sour skittles and a big ass cherry coke!	0
Man Work is Hard 	0
getting sick  time for some hot tea, studying, and then sleeeep	0
Getting eyebrows waxed. More pain 	0
No phantasy star yesterday  going to work...	0
Oh - Just got all my MacHeist 3.0 apps - sweet. Didn't get the Espresso serial no though although they said they sent it - oh well 	0
Picked Mich St to win it all from the get go.  Was feeling pretty good about that pick all the way up until......tonight.  A's lost too 	0
is alone downstairs...working 	0
I feel bad for doing it 	0
@RyanSeacrest is it just me, or she hates anoop. i mean seriously, she's kinda mean to him. 	0
@pinkserendipity yes sprint has 4g only in baltimore and chicago so far 	0
I'm stuck awake in the middle of the night for the second day in a row. And I felt terrible yesterday. 	0
Thanks for bursting my bubble 	0
Going to school soon... can't find anything to wear!! gosh it's so hard 	0
@marieclr I was serious  LOL	0
@naughtyhaughty I had on my page for sooooo long!!! Until it got deleted  Sad day in history	0
Crazy wind today = no birding  http://ff.im/1XTTi	0
currently at work.. 	0
Grrr.. my ipods acting weird too! Jai ho and thinking of you aren't playing the full songs.. ughh. 	0
@penndbad send me the DVD cos I have missed out on heaps  NOT happy about that!	0
i don't see the big deal with this website 	0
@machineplay I'm so sorry you're having to go through this. Again.  #therapyfail	0
@ColinDeMar Far too out of the way for rail.  any other tips?	0
I'm not still up I swear. Why do I keep losing. gaining. losing. gaining. tweeps?  So heart wrenching.	0
Today I realized I am too good at hiding things, even I can't find it 	0
Staying at a friends house...house sitting, neighbors are SO loud-having a party 	0
@dannyvegasbaby danny im upset that i wasnt here to watch the live chat  i was in a car. for 3 hours on a trip im soooo upset!!	0
Check out my mug  http://www.erika-obscura.blogspot.com	0
Borders closed at 10 	0
Downloading NIN's new album &quot;the slip&quot; - when the hell did this come out? I'm so behind the times these days 	0
Just woke up an already have written some e-mail... I've to go early at University today as I have to teach at 8:30 AM! 	0
is watching the hill . . .and its making me sad 	0
So many channels.... yet so so boring... lazy day again  may have to find a hobby	0
@supersport I miss my buddy  ill be in NY on the 25th	0
@robluketic  love the french. I tell people here in the south i'm qtr. french and they snarl at me.  french are beautiful people	0
Opps.. As I said.. I still got one day remain and now problem come 	0
I activated my Selfcontrol block early, meaning I can't check out the new QC.  Regularizing my internal clock is might be difficult. #fb	0
@HillyDoP  oH NO	0
spencer is not a good guy. 	0
@goodlaura What about Reese dying on #TTSC? And season finale next week.  #24 boring, Madame President is a crazy woman.	0
@JonathanRKnight I hate the limited letters,too.Hope you and the guys are fine?I pray for my dog,she�s not well 	0
didn't get shit done today ~ i'm so screwed 	0
wanttss to go out 	0
Is not going to sleep tonite. 	0
too worried and tired to post tonight 	0
couldn't get shit done today ~ i'm so screwed 	0
Job Interview in Cardiff today, wish me luck! Got about 3 hours sleep 	0
@stustone Your show is whack. Way worse than whack, it's wiggety-whack.    :*(:*(:*(	0
@DjAlizay I really don't think people choose to be that way. But I think he chose not to accept my family's help   He might be dead by now	0
@eloquentembrace You're going to kill me, but I've not seen DS9. I've been waiting till I can do it in one solid week sitting. 	0
@cheechbud i think ur right!! hahaha!! 4.5 hrs now!! 	0
i hate to see the spartans so sad 	0
My mind and body are severely protesting this &quot;getting up&quot;  thing. Had nightmares to boot 	0
@MySteezRadio I'm goin' to follow u, since u didn't  LOL  GO ANGELS!	0
@mandayyy 	0
@twista202 I think I want to read some books but the library doesn't have them 	0
My nap was interrupted so many times today  Going out for Japanese with the 'rents again...	0
Kind of longs for the bus that shows up at the end of Ghost World right now. Ugh. 	0
@GuruMN but this is canada  canada is weird. we're supposed to get snow through wednesday. ugh.	0
Awwh babs... you look so sad underneith that shop entrance of &quot;Yesterday's Musik&quot;  O-: I like the look of the new transformer movie 	0
sad that the 'feet' of my macbook just fell off 	0
I'm gonna get up late tomorrow and it's 132am here. I gonna get tipsy by my lonesome. That's...that's just sad 	0
I'm sweating my forthcoming trip to E3.  If I can't find someone to crash with while I'm out there, I may be screwed.  	0
Has now gotten somebody to read his tweets, but cant get them to make an account. 	0
@infinitydefines  omgawd i couldnt handle my cat being in heat all the time D: D:	0
@DonnieWahlberg I hope i can make it to the auburn show. but its not looking good for me 	0
@David_Henrie *thats people mag haha i couldnt fit it all in.. i dont think those pictures ever made it in the magazine tho!  haha	0
@breadandbadger Congrats!!  i totally forgot to submit photos 	0
@PaulaAbdul awww, Good luck Paula!! Please don't work too hard  but I hope you have fun  Your new album is gonna be amazing!  xxx	0
@imaginarypeach now your leaving me  .... -gets sad-	0
I miss you twitter. My phone broke, now I'm using a stupid Nokia phone. Ughhh, I miss my advance phone. 	0
SHOOTING OUTSIDE MY HOUSE :O NOT KIDDING! So SCARED 	0
Tuesday�ll start with reflection �n then a lecture in Stress reducing techniques. That sure might become very useful for us accompaniers 	0
What tragedy and disaster in the news this week 	0
yes yes still trying to find a picture that will upload correclty.. 	0
Why oh why was the Red Sox game rained out? I was so looking forward to opening day 	0
I still can't find my keys. 	0
@charlietm I know right. I dunno what is going on with twitter. 	0
might be getting a sore throat again 	0
@labelsnotlove   my home town. My mammy called all depressd.  Pls explain y a parent let their 8yr old child walk alone? Hello? Its 2009!	0
@ircmaxell - I think I need to find better anti-depressants.  I think this Paxil/Wellbutrin combo is losing its efficacy.  	0
@MyConnecticut Restaurant called WoodNTap has competitive eating tourney round tourney time. We place 2nd 	0
is in the bathroom... wake up lakin. 	0
@CaitlinOConnor i want tacos and margarhitas  telll gay i say hello&lt;3	0
im lonely  keep me company! 22 female, california	0
bad day at the betfair office 	0
I miss him.  Can't wait to celebrate the Tar Heel win this weekend though!!	0
I'm really cold. I don't want to go to sleep yet but there's nothing to do 	0
@kristencampisi is this it 4 u? Its ' officially over ' 4 me this go round! 	0
monkeys??? i just found out you my twin and you wont even write back.  i'm heartbroken	0
@miss_om Aww  I know I felt like that yesterday at work 	0
@SarahReedSC treaty isn't defined 	0
missed Brent at praise band.   No fun to not have the your lead guitarist.  &lt;pout&gt;	0
@jpfurry poor john  this is what happens when you play with fruit and a microwave! Seriously though HAVE you seen a doctor?? Xxx	0
Missing My BFF  watching home and away it reminds me of her and me  we &lt;3 It. shout out to u courts	0
@mandayyy   	0
New video card is DOA. 	0
feeling lost, naked and confused (JK, sort of).....no iphone for me. 	0
Damn i am so late at filling this appraisal form, people have almost sent it .. i was so occupied in work 	0
missed Brent at praise band.  No fun to not have your lead guitarist. &lt;pout&gt;	0
i think to much on the past. i cant change it. i deserved so much more then wat i got. ..but why am i still thinking about him  gah	0
has lost his ring. It's no-where to be seen 	0
@burgaw Ooooooh! *sealclap* See, I download shitloads of zip folders off 4chan. I have no internet moneys.  FUCK YEAH ALICIA &amp; MIKEY.	0
Is still nursing my Nile but glad he is feeling better. I hate when my baby is sick 	0
Is fucked to go back to IC 	0
@Brandizzzle08 yoyoyo. my internet has been rude tonight. it JUST reconnected and I'm about to go to bed. 	0
@jemcam well i have uni stuff and netball  but after netbal if i've done uni stuff we can	0
@kissability Me too I is poor 	0
help me forget 8th april &amp; 13th july! 	0
dierks bentley is comin' to columbus, OH!! i wanna go so bad 	0
i have to take my sidekick back. 	0
@chriscantore congrats! I'm totally jealous! only wish my XM was working 	0
gr8t my face is very itchy 	0
poor socks  luvvvvv the golden retriever!! I want one sighhhh	0
I just saw that they found that Tracy girl in a piece of luggage... How fucking terrible 	0
Aaaaand the nausea is back. 	0
@DonnieWahlberg ooh I�m excited and not even going 2 be there  long love YOUTUBE!	0
spent 1 hour to reach to Axis bank only to find out today is holiday for Mahavir Jayanti  contd..	0
@mathewsmichael  i agree... the jobros dont update theres very often 	0
@fishmouse it is hilarious and I linked the clip from LJ some time ago but when I went back just now it was a dead link 	0
@DiannePulham OOOOOOOO who with? (im not neither but thats because i need to study  )	0
Haven't tweeted nearly all day  Posted my website tonight, hopefully that goes well  Night time!	0
@bostongarden I miss bentley 	0
seriously needs to finish these job applications 	0
My son Vincas is sick, so I stay at home  Just three tense days at work, and I am back on holiday with kids	0
Whinging. My client&amp;boss don't understand English well. Rewrote some text unreadable. It's written by v. good writer&amp;reviewed correctly. 	0
@huntermoore I don't want him to ever punch me.  	0
sooo sick of the snow  ughh	0
@ITS_NEMESIS ------- 	0
@LoveMeagan it doesn't work your fan is upset 	0
I would like to apologize for the repeated Video Games Live related tweets. I am going to have a stern discussion with Koodo soon. Stern. 	0
@zaydia but i cant figure out how to get there / back / pay for a hotel etc 	0
FML: So much for seniority, bc of technological ineptness, I now have to &quot;register&quot; for classes AGAIN 	0
feels like she slept the day away.    Not looking forward to any more bouts with my gallbladder.  At least I have pills now for the pain.	0
@ThaStevieG but what I really want is my old bass back 	0
Mad tired today... Callin it in early tonight  nighty night twittas	0
@LevenRambin: Take it easy, and be good to you. 	0
I'm afraid I had bad code. 	0
Think I'm going to bed. Goodniight. I hate this 	0
@riancurtis  i'm here, friend, and i love you.	0
@kariajay  All this time you didn't notice I was gone...just needed DB2 is it??	0
@aaronrva is in the bathroom and i have to pee!    	0
@ashleyskyy but I wanted a margarita too! 	0
@KourtneyKardash yup night workouts r the worst but unfortunetly my work schedule only allows me to go at night  its tough!	0
Just called Hillsong again - they said they couldn't tell me where I was on the waiting list - I don't know if it's looking so good 	0
has 0g of milky bar left, and around 200ml of coke 	0
@jokerrrr It stillllll hasn't arrived 	0
Mraow, I feel like dancing, but first art school wants to rape me some more. 	0
@karenucol ah! I bet it does I've been like craving to play softball or basketball !!! But I have noo time 	0
Is terrified she accidentally deleted a reference in her management assignment and hopes she doesnt get in trouble when she gets back 	0
amazon s3 plugin not worked in my website . it need PHP 5 . but my hosting provider has only PHP 4.4  . very sad.	0
Argh! I was suuuper sleepy an hour ago, now I'm wide awake.  Hope I don't stay up all night. :-/	0
@austinhill I wish I was!  Sold out   If you have some time let me know, I would love to hear more about what you are up to!	0
Just watched tropic thunder. Dreading tomorrow 	0
@qweendassah no...he's still miss'n... 	0
ChiefDelphi is down 	0
http://twitpic.com/2y2wr - according to my bro, our new puppy had a poo fight and was covered in poop  (picture stolen from him)	0
playing game at home! my new boss didn't call me yet... 	0
Su yin Huen tweeted I feel unbearable guilt. I made my staff cry  http://tinyurl.com/cw2l9t	0
Poor Joshy is sick???   those damn tejanos!	0
My thoughts are with Sandra Cantu's family at this difficult and sad time 	0
@FranzGlaus I know, just wanted to let everybody know what was happening  	0
Michigan who?  I don't know them.                   *sigh*   Shameful!	0
i have to fill two hours 	0
@alicayaba so cuuute! hey, i miss you na!  its not the same not seeing you girls everyday 	0
@JonathanRKnight Oh! Did I mention it? &quot;Gooooood Moooorniiiiiiing&quot;  from Germany! Im back in my cage....or better...my office 	0
throat is closing up and i had some string cheese. not a good idea 	0
Aww, Sandra Cantu is found dead in a suitcase  Missing children stories never seem to go good. Poor family.	0
wishing i was home underneath my covers 	0
walking home from school drains all my energy 	0
@ridley1013 I agree. The shapeshifting is a copout. I was so excited for Angela's ep, I thought it was this week.  Noah was awesome tho!	0
@SaveTheStrib Dang! I would have done this if I knew it was there earlier.  Any other outings planned?	0
I wish I was better at writing. It's taking me so long to write this paper. 	0
..and of course... I have access to my Halo 3 Mythic Map Pack re-download.. but bad news.. not the Legendary Map Pack... ugh.. 600MS... 	0
@vene2ia ...not yet unfortunately, another few weeks I've been told  How are you? I've been a little bit busy with my latest project.	0
@thecoolestout Ha the sun's already gone 	0
day 2. a lot harder than day 1. let's see how day 3 goes tomorrow. 	0
My man crush Jake Peavy let me down  #gayforpeavy	0
@trishzw megafast trip, you have time during day tom/weds? Or, you going out tonight? Want to see you bad. Tried to warn you, tech fail 	0
michigan state you make me sad 	0
omg. my mouth is in so much pain  i just wanna sleep untill its time to take my braces off.	0
getting annoyed easily today  &gt;&gt;&gt; biofuel proposal: getting annoyed easily today  &gt;&gt;&gt; biof.. http://tinyurl.com/ceprvs	0
@MizzChievouz Hey girl. The site is back.  Girlyvue is back and they have even more videos. 	0
@a5hleyf i'm spending time with my grandma early tomorrow and i can't leave skittles by herself. 	0
just got home from watching Michigan State get tromped!   	0
Oh jew-bus! Two years worth of classes' work is ALOT to organize &gt;_&lt; i'm not finishing tonight, it's not possible...my bones ache 	0
@griffmiester no exchanging for me, my laptop hasn't arrived 	0
@hyperbets i hope this doesn't last too long.  i feel miserable!	0
@rcompo RACHEL! hang outage is neccessary - i was gonna be home this wekend but dumb folk make me work   so im free F and Sat until 4...	0
@TheLeagueSF Not Fun &amp; Furious? The new mantra for the Bay 2 Breakers? It was getting 2 rambunctious;the city overreacted &amp; clamped down 	0
@amber_benson  my hubby (for some reason) thinks it's more important he has a good spot for red carpet for the Trek Movie Premiere. Sod!	0
I swear no matter how long I've been getting up at 5am, it never gets any easier. Man my eyes hurts wah 	0
@Jeffree_Star Jeffree! How do you keep your hair one color? My PERMANENT dye fades within the week 	0
@otakusecret my reaction too  whoa, didn't see that coming	0
still sick. feeling a bit better, got some new medicine.... hope I feel good after a night of sleep. ohh, and it's suppose to snow! WTF! 	0
@Dangerm0use I think maybe you should get a couple more hours of sleep, hon. How productive can you be right now if ur dog tired? I worry 	0
@maddyVA Thanks a lot. Learned a lot of new words but didn't find what I was looking for. 	0
Wish I had all the XBLM downloads all on the gamertag 'Hitokyri'. This 5 gamertag thing is nonsense... and I'm tired of it 	0
New Testament Test at 9:30 am   	0
@ScoutBuck tons no hay Troll? ahhhh 	0
stupid movies we watched... mirrors ugggggh... stooopeeed!!! rip off! 	0
http://twitpic.com/2y2yi - I love you, Buck. 	0
last one!!! but still not done!!! 	0
homework.... 	0
I don't understand why things get taken away. I didn't have enough time with him its unfair. I want him back!! He was like my baby 	0
Scratch that: du in heif (two in a half) cookies. My tum just can't take anymore shoog. Poots 	0
@cococourtney i was just listening to the sweets for the first time in forever! i miss them so much  can we go to chi town for visits plz?	0
Geez what a busy afternoon. Meetings, emails, meetings and email and more meetings. 6pm and the day is still going! Ah its dark and 	0
DANG!!! ANOTHER SPRING BREAK!!!  HOW COOL IS THAT???  TOO BAD I HAVE TO WORK ALL WEEK  OH WELL, MORE MONEY FOR A PHONE.  ttyl EVERBODY!!!	0
@Sara_Kate Im afraid too  ( ur reply about uni from ages ago	0
feeling down 	0
@CarVin1 lol they are some emotional ass men!! Omg all this late night eating.. Both of us are broke 	0
@nick_carter Aww Nick!! I like your hair longer, why did you cut it off?  Break. My. Heart.	0
 wonder if Jon lost the net	0
Wow. The most depressing thing in the world is losing a video that you've created in a matter of seconds.  #FML	0
@nchokkan https://www.mycomicshop.com/search?TID=395031 But all says not in stock 	0
@Poohpot lmao im sorry poohpot i ate it all! 	0
Any chance  Softbelly (for @MTUB) isn't loud? 	0
Time to move my posterior  and lose some fat. My articulation are creaking so no more running  but I�m drool for some swimming	0
listening to nathan cry.... 	0
today sucked. I'm gonna die without chris and callum!  wahhh!	0
STOU site not update, no info about 2/2552 exam, and open course, I must wait for mail notices and doc. um... 	0
@ohsbrat30...I'm sorry. I'm feeling kinda yucky myself. 5am is going to come too quick 	0
is in love with scrappy and is missin him already 	0
wants to hear @seblefebvre 's song but myspace is messing with me 	0
Bad news was Dad has cancer and is dying   Good news new business started and  I am now a life coach practising holistic weight management	0
@duchess_rebecca Man... intervention is soo sad 	0
HELP! I need a new boyfriend... I'm stuck in a rut 	0
I feel like a complete idiot. I'm the only one who doesn't get how this shit works  help me 	0
Saw an ad on Craigslist for a casting call for a female host on G4. I was totally psyched! But realized it was a hoax 	0
Pepperoni rolls in L.A.?: I called Valentino's - they said that they had sausage rolls but no pepperoni rolls  http://tinyurl.com/cec5ka	0
@soillodge yes, it will be. it's only Monday 	0
i want the new GG episode already 	0
I miss watching Rocko's Modern Life. 	0
RIP Sandra....its so sad    how can someone do something like that??	0
Keeping my fingers crossed for my buddy    He is not feeling well.	0
Wait should I eat?? Or be skinny for vegas!! I'm hungry! 	0
@Marge_Inovera I tried tweetdeck once and I hated it with a passion. Or it hated me, I'm not sure... 	0
@benackerman BTW my iPhone is acting funny, dying quickly and freezing and BS.  I'm not admitting anything, just sayin 	0
Sitting here wondering why &quot;ED&quot; still has such a strong hold on me 	0
@bananaface IM SORRY I GOT YOU SICK.  lol. going to bed too. NIGHT!	0
@carolrainbow no Internet at home, have to drive into Ox to use Internet because of builders! 	0
@Steve_Buscemi the weather in Canada is freezing 	0
twiggassssssss I been out of range all day  I'm back now and hopefully for good.	0
@danadearmond 	0
anyone who reads this pray for my Grandma. She's in pain 	0
#3 woke up and was having an accident - &quot;It's pushing, it's pushing!&quot; he was crying because he couldn't stop from wetting his pants.  	0
Home from Franklin street, I almost jumped over a fire. Someone kicked it before I could.  Jenny lost her shoe.	0
@johnnybeane hey! you just changed your default. 	0
Finally gave in and was bored enough to start this thing. I think the 140 is going to be a problem for me tho.  its like a myspace status.	0
@ellievolia If oooonly we were really so lucky, eh? And awh  Definitely too early for work.	0
buttload of homework! 	0
needs another copy of visual studio 2008 	0
why to we, the only school in the world, be in this week.My school is silly  anyway... look on the bright side. When i'm off, u will be in	0
omg i've an economics test. and i dont know all the things i have to know and omg im gonna fail 	0
@robcthegeek Once upon a time Hundred Islands was the pride of Philippine tourism, but coral/clam/rare fish poaching did it in. Kinda sad 	0
@Henkuyinepu yeah, apparently i have really bad taste 	0
@hummiemd I KNOW! I was really surprised since everyone recommends them on youtube.  I have to call them tomorrow and figure it all out.	0
Waiting at the airport for my ride while I get harassed by 2 men trying to sell me ugly hats.. Why me?!  I just want to sleep..	0
i left my IDs at the location and now i can not go out to bars  FUCKKKKKKKKKKKKK	0
@celycarmo i'm sorry I don't understand your last comment 	0
@OfficialRandL when is the announcement? i stayed up late last night 	0
@KishoreK this is strange, illegal torrents avlbl everywhere, legal DVD not in stock  What do I do now???	0
ITS NOT ENOUGH TO SAY THAT IMISS U 	0
This trolley has up packed in like sardines! Padre game and they REMOVE a car?! Good call MTS 	0
@RandomlyNat Jeez, I was just trying to help  Haha.	0
@SupaMagg that happened to me saturday night. along with my glittery green lighter! 	0
trying to reduce the number of cigarettes in each day! 	0
yea it is so quiet around here cuz everyone has to work im bored to death with nobody to talk to 	0
gotta do my cooking assignment  its too hard	0
@treesahquiche okay, about the applepears, I've talked to a few people and they've ALL had them before. No one ever told me, never 	0
@jennifermf I know!  I'm a night owl by nature, hahaha Am I a time zone behind you? It's almost 1 here	0
@mamasvan lol - nope! but i did have complete #camerafail 	0
@maxime68 @megelder But! I'm useless if I don't sleep  It's not fair! I want all the fun as well!!!	0
My Pookie has a UTI.  I have to be Nurse Gabbie and get him back to 100%!!! No more sodas!!!!!!!!!!!!!!	0
@jillianfish tweet something damn it!  and hang out with me please? 	0
@anistorm 	0
I'm SO behind in video games, and everything for that matter. I'm yesterday's news 	0
@sleep_til_noon I did, it was the only one left but I got tempted and ate it soon as I got home  I had a chocolate velvet &amp; ate d mocha	0
Is stressing out because my blackberry keeps flashing a red alert status for no reason!! Its faking me out and I hate it!!! 	0
http://twitpic.com/2y34e - I wanna wear my Doc Martens out! Haven't worn them since December. 	0
When to the shoe repair shop and the guy could not find my shoes!  So I have to go back and see if he can find them in a couple days. 	0
@B_Barnett I did not really see that coming 	0
just woke up from the most vivid, sketchy, not-cool dreams of my life. time to stare at the wall with the lights on. 	0
it'll take 3 days for my sister to get her passport 	0
@nicolerichie OH MY YES!! i miss 	0
Uh oh... I think I am getting sick 	0
Good GOD they ruined my belly button!!!  	0
Watching Who Framed Roger Rabbit. Makes me miss Toon Town. 	0
@akianz renting.. but very cheap renting, and awesome house. We had 3 buying attempts fall through 	0
running nose + spinning head = not a good combination for a meeting! 	0
@EazyDoesIt87 NEGATIVE.. you lost my vote of confidence 	0
Nasty budget due and my iphone is being sent to Apple today. 	0
@Sofii_Noel that�s bad 	0
Dammit, episode 3 of Kings won't play for some reason  stopped in the middle now won't do anything	0
I'm so upset that I missed my chat and quiz online because my free internet has ceased 	0
can't believe it! I'm in disbelief of it all in a way really. How much can I take from people and always get hurt by others!! 	0
Car show season has started without me 	0
my throat is raw. 	0
@KevChoice I just don't get it. What in a persons mind could even have them on some ish like this???  My prayers are with her fam for real	0
@frago I hate you. I didn't need to see that. I need to call my therapist now. 	0
Twilight didn't come yesterday  fingers crossed for today	0
@NileLegania glad I was able help you feel better. I hate to see you sick  Love you!	0
is tireddddddd. want to sleep but i have an assignment to finish and an exam tomorrow to study for 	0
You know, I was thinking... I need money 	0
omg..its jst teusday 	0
@ddlovato @David_Henrie ummmmm i cant find it. 	0
Just heard that they found Sandra Cantu... She was only 8 yrs old 	0
@corrosivecandy Ive forgotten how to snoo-snoo  I wonder if snoo-snoo and I will ever meet again...	0
@AmaNorris wow that last tweet made me seem like a giant sexist...sorry about that 	0
My bathtub drain is fired: it haz 1 job 2 do, &amp; it iz FAIL. I got all Drano on its ass, &amp; iz STILL NOT DRAINING. I wanna shower, dangit!! 	0
stuck at home 	0
@nomadicmatt mine is 1/10  how do you get it up?	0
Duckling in famous children's book stolen from Boston's Public Garden - The Boston Globe http://tinyurl.com/dc2htx via @ShareThis OH NO!! 	0
@Appomattox_News Thank you! However, I hate to be on the same list that includes 2 convicts.  	0
Heading to Altrincham, again! Out of hours install 	0
MORNING!!! Good im bloody knackered!!! Work is not for me today  HELPPP!!!! xxx	0
@jeffreecuntstar  I don't have a garage.  But you can park in my driveway!	0
@lauredhel  What happened?	0
&quot;On popular music&quot; by T.W.Adorno is probably the most difficult reading ever prescribed, I'm actually struggling to continue 	0
http://twitpic.com/2y36e - cant see the flowers falling  i dont have a camera, just my cellphone	0
We've been good. I'm not liking the snow right now, was getting used to the nice Spring-like weather.  How about you?	0
@brian_armstrong What a pity YouTube is currently blocked in China.  I can't see the vids. 	0
@margaretcho what happened to your show it was the hightlight of my life 	0
This is the best leather sofa in the world!  It's in the office though which means I'm still here working 	0
Still 3 more days until my Internet gets uncapped 	0
If he doesn't get better in a few days, he could have something lodged in his belly 	0
i Love my atekinzz so much. &amp;&amp; i soo miss her.. 	0
I wanna sneak into the zoo and play with the kitties 	0
@lolitariot oh no  hope you're not getting sick too!	0
@alejandralei i dont think i can cause its my cousins birthday party 	0
Our sweet little man just fell asleep while waiting up for daddy and big brother to get home!  Poor baby, he missed them so much today!	0
the angel is going to miss the athlete this weekend 	0
trust is hard 	0
have watched that considering today. yaknow. shawnna tomomorrow;i need my bestfriend 	0
Grr i want to keep reading but if i do i wont have anything left to read 	0
atekinzz, where in the world are you?? 	0
@RumLover No! u supposed to be my date 	0
pears &amp; Brie, bottle of Cabernet, and &quot;Win a Date With Tad Hamilton&quot;... oh gawwd my life flashed forward to when I'm 40 with my 75 cats 	0
Crap. I need more dresses too. 	0
@kaeeeep yeah! i know! it was horrible!!!! ugh. saddening. 	0
@Brodhe geez ur no fun are you 	0
I wanna be in a punk rock band again 	0
@jyesmith That's a lot of angst for a Tuesday afternoon 	0
I'm very glad Britney isn't crazy anymore! That was one hell of a show! Now I'm sad that it's over.  Next up...AP at Cook County!	0
has a huuuge headache! omg I feel like crap! 	0

im meeting up with one of my besties tonight! Cant wait!!  - GIRL TALK!!	4
@DaRealSunisaKim Thanks for the Twitter add, Sunisa! I got to meet you once at a HIN show here in the DC area and you were a sweetheart. 	4
Being sick can be really cheap when it hurts too much to eat real food  Plus, your friends make you soup	4
@LovesBrooklyn2 he has that effect on everyone 	4
@ProductOfFear You can tell him that I just burst out laughing really loud because of that  Thanks for making me come out of my sulk!	4
@r_keith_hill Thans for your response. Ihad already find this answer 	4
@KeepinUpWKris I am so jealous, hope you had a great time in vegas! how did you like the ACM's?! LOVE YOUR SHOW!! 	4
@tommcfly ah, congrats mr fletcher for finally joining twitter 	4
@e4VoIP I RESPONDED  Stupid cat is helping me type. Forgive errors 	4
crazy day of school. there for 10 hours straiiight. about to watch the hills. @spencerpratt told me too! ha. happy birthday JB! 	4
@naughtyhaughty HOW DID I FORGET ABOUT TWO AND A HALF MEN?!?!? I LOVE THAT SHOW!!! 	4
@nileyjileyluver Haha, don't worry! You'll get the hang of it! 	4
@soundwav2010 At least I won't be the only one feeling lost! This may cause me many later than usual nights, already addicting 	4
@LutheranLucciol Make sure you DM me if you post a link to that video! &lt;LOL&gt;So I don't miss it   Better get permission and blessing first?	4
Just added tweetie to my new iPhone 	4
@michellardi i really don't know. i think its Globe!  yeah! sana gumaling na ko para alam ko na din kung makakasama ako! )	4
@nicolerichie: your picture is very sweet 	4
Catching Up on Emails, RSS and Random BACN. Then I'm cutting out early tonight (11:30PM) to have Dinner with @lauraw 	4
Dancing around the room in Pjs, jamming to my ipod. Getting dizzy. Well twitter, you asked! 	4
Didn't place in the Peeps contest but thanks for voting anyways. 	4
Going to bed so goodnight everyone  and sweet dreams  http://twitpic.com/2y2e0	4
@LittleLumen walking over to put the deposit down tomorrow 	4
is now followinq @DAChesterFrench , you shud do tha same 	4
@LordPov Are you meant to add on the back of that &quot;twittering from a toilet cubicle somewhere&quot;? 	4
Aw i'm holding my new puppy. Well He's not mine but He's a cutie. 	4
@iJohn kitteh is sleepin on my crotch which proves she likes me more 	4
@DramaBeats agreed 	4
reaching amritsar in an hour and (if i find a bus) should be at wagah border by 2pm  - http://bkite.com/06fuJ	4
@ALBinLA.  I was just thinking about you tonight!  You have to let me be the first to interview you're a famous super star 	4
happy to spend time with the family. 	4
finally going to bed!  so tired. Was gonna watch The Hills but didnt =/	4
so effing tired of my throat hurting.... ooooohh... i just got a crazy craving for a pina colada/banana slushie!!!! 	4
@deon upload di indowebster dong banggggg 	4
@wisdomous you're welcome. glad you enjoyed it. 	4
@hawaii808shellz hAhAHA!! omG! we wer bOth laughiN off d hOOk!  cuz das hOW we roLLL...ryt sheLdawg?	4
@SickWithThePen awww pookie feel better. I'll pray for you...and BAG the nurse up 	4
YAY! found a new cuddle buddy 	4
I think I met my first &quot;snob&quot; on twitter tonight. Too bad. Life goes on! 	4
Across the Universe. Sleep. Rehearsal tomorrow. 	4
@annabellee dry sweet potato, huh? 	4
@JonathanRKnight Hi Jon! Great to hear from you! See you on the cruise, I cannot wait! Hope all is well on the Knight bus!  You are loved!	4
having a long conversation with mom on phone 	4
@suitelifeofkell yayyy! lol. i just requested herrr. what did she say? 	4
Practicing lines/mannerisms/voices for upcoming feature shoot.  Probably driving Brock crazy.  	4
Going to go and read new moon for the 3rd time  I cant get enough of twilight series 	4
today is our two month anniversary!!! i love you sooooooo much Diana. omg you dont even know  TAR HEELS WON THE NCAA WOOT!!!!!	4
I am bored 	4
@stevecla it is a wallpaper with Red Square I was asking for 	4
@r_keith_hill Thanks for your response. Ihad already find this answer 	4
@Pope_Mello Well yeah! I only noticed cuz i'm BB too. 	4
Just tryna get inspired thats all 	4
@KourtneyKardash Can't get up early enough!!!  Night workouts are much better. 	4
@ladygaga Can't wait to see ur hot ass in Austin! woot woot!!! annnd love the bob with purple, i went the royal color way as well 	4
@QuotableBuffy I got a bunch of Buffy songs too! One of my faves is &quot;Vivian&quot; by Nerf Herder, when Faith met Spike in Buffy's body. 	4
#Devunity Wallpaper  Check this out !   --&gt;    http://twitpic.com/2y2e2	4
Morning Tweetland, a long day ahead! Hope everyone has a great day  	4
   uploading pictures on friendster 	4
@ash_CT Aw dont you love that  I love for those days! Thanks about the pic ;-p	4
noodlebox with amanda tonight 	4
@una_avion2010 Sorrry, I'm doing like 29823782 different things. Kevin Jonas' Girlfriend 	4
@fuzeb they are so serious too while singing like.. whoa  hehe lsd maybe? j/k lolol	4
loving life... and loving you 	4
@ApothecaryJeri  I love Sicilians best damn pizza on the planet [says I] 	4
loves chocolate milk  and that is GF YEAH..	4
Going to Sutter Creek tomorrow to tour an old Mine 	4
@bodycoach I'll look into that cho, I personally like strawberry but I'm going to become coach soon 	4
@little__fish guess where i live. the other side of the earth  east mesa, losiento	4
@paula_paige3489 so apart from the sore... how was the tryouts? 	4
failed physics TEST... what a homo. keeen for the holidays (2 days to go) 	4
Just observed the update look of #Alexa website, http://tinyurl.com/c48gzf , looks great, seems Alexa is improving 	4
@leiabox so what can you tell us about it? I'm totally geeking out right now 	4
@theragingocean BonJour Spacecowboy,I wish I was either of it .I work with Kids, can go out whenever I want and go wherever I want to 	4
@Rebecca1158 goodnight. 	4
My brother is sick too lol. Quite weird 	4
@drdrew *gives a hug and a cookie* Hope you feel better! 	4
@jonathanRKnight Hey Jon! It's real and I hope you take care of yourself...we don't want you to get too rundown.  ((Hugs))	4
Just wrote on a toilet wall... but only to correct poor spelling. And in highlighter, so it will wash off. HARDCORE 	4
had a good tech meeting at clubZone - dinner was sushi 	4
@mattgalloway Thanks for the hook up with @CarlyRush and suggesting me again bro! you rock! 	4
@jeffswarens depends on which version they thought you  the one I know doesn't go like that ;)	4
@Speak2Ashley hand is still pretty weak i cant like punch anyone out yet or turn knobs but it doesnt hurt much 	4
@Honey3223 Lurkers now that was interesting 	4
@saravananp mine is B North. Still need to decide 'aaru hithavaru ninage ee moovaroLage' to vote 	4
@trstfndbby um I bought my shit from the Koreans its OACH  highest quality out there baby  I paid an extra 3.50 2 get a real tag sewed in	4
eating ice-cream with chocolate topping 	4
@iamdiddy your telling me.. just finished doing 200 crunches!  step it up Diddy ! LETS GO!	4
@its_yvonne daaang i didn't know it was possible to talk that long! what'd you guys talk about 	4
@LaurUy West.  Mostly San Jose and San Francisco.	4
Nikki is off working her ass off on a bike, trying to recover from her knee injury.  (Good for her. 	4
@marymayblood I would love to come help unpack   Let me know where I need to be Sat afternoon!	4
shenagians!  my team is awesome&lt;3	4
listening to some music and just chilling....I'll probably regret not getting work done...but till then i'm just gonna kick back 	4
I am doing a study of Think &amp; Grow Rich - Wow - it's amazing how timeless the law of attraction is! So now we're on our 6 step program! 	4
@BittenbyBooks Oh good!  I'm glad you're feeling better!   I've been really good!  It'll be a crazy week though... In a good way! 	4
21 Days till chris comes home and 67 days till summer 	4
@davidgideon Yeah, those were the days  - no, it's now around 1.47ish...	4
@therealjspace am I the first one to tell you you tweet the most while drinking! LOL. 	4
@its_anne Kay thanks. 	4
Goodnight 	4
I am determined to get back into baseball -- it's been 5 years since I've really watched the sport. Anyone interested in going to a game? 	4
@beycah Good for you Becca, have a good sleep. 	4
@MissNappyBoy and ur home is where? ohhh i nkow lexington ky rite next to me 	4
Just seen the preview for the movie &quot;Obsessed&quot; w/ Beyonce. Wow one crazy broad in that movie &amp; Beyonce seems to go nuts in it too! 	4
Easy Rider till I fall asleep 	4
@miketomalaris I'm very, very, very excited about the live broadcast of Paris-Roubaix. 	4
just had a real good moment. i missssssssss him so much, 	4
@belliestobabies I have two too. I just don't know how people survive winter without jungle gyms at home 	4
@jaredleto Just started to work. But it's the last one before holidayholiday!! 	4
Watchin Greek then off to Knighty Knight!! 	4
i am working on my media room design and i love love love my client profile 	4
@Greeks05 its pretty lame..hahaha but yay i get to stalk your sexy ass on here now 	4
@Lou911 Aww, thanks 	4
Another good day  nitey nite everyone! First day of school tomorrow!!! Ahh I'm kinda nervous yet excited...til tomorrow!	4
thinking and planning 	4
Good enough.. time to go sleep off whatever I can, be happier tomorrow ? here's Hopin.. go check my Fb. for what is in store for me now. 	4
@missvic what do you mean, I do those things now and I'm OLD! 	4
@jimmyeatworld been listening to that all morning  http://www.deezer.com/track/885843	4
@UrbanThai  and you have me to thank for that 	4
@PamFR Thanks Pam... glad you enjoyed it. Yes, life is short, it's *now*. No need to struggle... just make better choices every day. 	4
@JonathanRKnight hmm you have a lot to say tonight! That's great!  Of course, here I am up late reading it. haha	4
@guykawasaki congrats on 100,000 followers. Wow almost 4 times of what I have 	4
@LarryCarroll ARE WE GOING TO BE GETTING ANY NM UPDATES THIS TIME AROUND? I'm not really screaming. Just wondering. Thanks! 	4
@suitelifeofkell that's freakin' cooool   i love twitter .haha	4
@I3renda maybe. there's nothing wrong with being caring. but try not to care too much. 	4
why does Brissa not even know she has a twitter? -Lauren 	4
@jbrotherlove I thought it was a great love story 	4
@enbaldarlingg No, that's just the mirror you're looking in. 	4
@amandahesser thanks!  i couldn't have done it without you  	4
wow that was neat, thanks God! OVERITNOW&lt;3  i apologize for sharing my spiritual moment with the general public of Twitter 	4
... 31 days until I leave for Ontario!! 	4
Just spoke with my fam in #Japan via #Skype! Love to see my little 16-mo-old nephew growing! 	4
@LissyM ahh i only just saw you'd written that where does it tell you that someones spoken to you? this sucks but mcfly got it haha loser 	4
@KaciMaureen holy laundry woman! 	4
@iamdiddy I hate it too, but I just got back from the trainer. Go! 	4
@markhoppus lol you�re so fucking funny 	4
working on setting up my ipod touch, which as of today is officially mine!! 	4
@nikhilnarayanan saw the tvc yesterday.. worked for me 	4
Jon could totally say Mannies and Peddies and I would shut my fat face about it.  	4
@magopus Hahaha! Well if they ever run out of ideas, I'm nominating you to come up with some good ones. 	4
A friend feels like a beer on a Monday night. That's never good. But beer is always good. Always. 	4
@hopeinhell One usually follows the other, no? 	4
@special72 Thanks, Special 72!  	4
Good luck for Lauren and the rest of the cast of TBS, can't wait for something to leak 	4
Shoot For The Moon! Even if you miss, you'll land among the stars. 	4
@JohnHays hmm, that I don't agree with entirely because I am most creative &amp; vibrant @ night for some reason...but I need 2 sleep too 	4
@izzakizza nada just tryna holla holla.   hows the mixtape coming up?	4
@aussie_ali  yep it makes it so much easier to get points across in 140 	4
@snarkattack  The freezer-worthy @amoir has already given it her scholarly attention, but I suppose another set of eyes could hurt not.	4
http://twitpic.com/2y2jf - my cupcakes 	4
@purrplexa And its a wonderful thing!  I'm all in favor of using the entire English language (shit, I use #expletives too, I think) 	4
@mynameisgerard haha! i'm not saying u should try it.. but maybe u should 	4
back from school, long walk! its flippin cold outside  2 days ago it was sunny, next day raining, and today snowing!	4
@sisterpatterson I just ate raw cookie dough out of a tub and now to bed. We must be kindred spirits 	4
@JonathanRKnight : agreed. internet? random. but i like random. watched dirty dancing, great movie, i thought of your song..  nighty night	4
@blooms5887 Just use Tweetdeck and you can update facebook and twitter at the same time 	4
@firestoned - Dude, stars are always awesome.    Surprised to see you tweeting.	4
@nsastrasasmita k. i'll try to figure it out. i'm gonna go to bed. night night  	4
amazing night with llama and malcolm and megan&lt;---fuck the theatre! 	4
@kayotae Just had a martini myself. 	4
city all day soo happy to be home. school in the morning 	4
My spring break= watching moviess all day everyday for a week 	4
@PushPlayNICK &quot;Grandpa wants an ice chest and some beef.&quot;  George Lopez rulesss!	4
@KatiePorrello thank you Katie! heading to the club as we speak! you have yourself a stellar night as well... take it easy homey!! 	4
http://www.youtube.com/watch?v=cLe9pJSRas0 Where have all the flowers gone, Peter Paul &amp; Mary  My fav, def.	4
shhhhhhhhhh....time to watch the Hills. 	4
since posting the 2 new photos on my website with the kids my hit count went up...way, way, way up. love to china for 5,000 views alone. 	4
@JonathanRKnight Oh its real Jon!  We all r so excited that u and the guys came back 4 us.  We appreciate all you put out there!  	4
@LonelyBob Thank you! Am at home pretty much everywhere. Provided I have broadband ...kiddin' 	4
Callin it a night! I always have the best sleep after a good workout!! 	4
@Infinitarchitek Feels pretty good doesn't it? 	4
@stee322 but you did go to hash bash anyway.. 	4
@loltothepower correction, i GOT a badass fringe. 	4
@procoder hmmm, sure sure  so what r u upto ? hows the day for u?	4
@ninasplayground I agree.  My kids got &quot;Who am I&quot; 4 Christmas. It's bn fun but I caught my 4 yrold cheating by looking at reflection in TV	4
My hair is blue. 	4
@wendy_bowser Thank you for the kind words!  I appreciate it.  Have a great night 	4
stressing over this math test...uhhh....2 days till spring break!!!! 	4
@MintCool uh, because we really need each other, plus, you'd be my designated driver on PCH 	4
@EMPRESSYEN WHATCHA CHUCKLIN BOUT MS.YEN 	4
@ijustine the gym is an awesome place! work it out 	4
@augustography hmmm think we need to get you climbing up hills .. you'll be really sining then 	4
Just won 20$ on unc game 	4
Really tired. Going to prepare for bed. G'night! 	4
@keyannaaa the new story of your life will include magic fountain with me 	4
Im getting nervous that this trip tomorrow may be a little boring. Haha oh well, i always have my trusty ipod and my books of course  lol	4
should be going to bed... maybe i'll do that... but i'm thinking I'll put on Anastasia on my laptop as i fall asleep 	4
@ijustine http://twitpic.com/1ff65 - I love ur top 	4
still buzzing from SIETAR... thanks to @pattidigh for pushing the old boundaries - boy, someone could make money off a twitter manual... 	4
@yoshigi I have terrible back and neck aches too... Get a good chair, that will help.  I am waiting for my &quot;SWOPPER&quot; to arrive. 	4
@juneaurock Hellz yeah, definitely downloading. Thanks 	4
http://twitpic.com/2y2jz - we are so stinkin cute 	4
@Lyndeeezy hahah not yet! but soon. very soon 	4
Very happy with my new blog design - nice to see recent post and popular posts listed together, and it looks great! 	4
@michaelgrainger we have much more than that in common my friend!! 	4
@ben_mayer better be. I don't wanna have to come find u and save the dog. But I would!  I'm all 4 the animals . Call off the twit police	4
@klaris nilagyan mo ng knorr seasoning mix ulit ung pancakes mo?! hehehe. teka, heaven and eggs ba to? 	4
@Westneyrhindxx hello westney  what are you doing ?? x	4
@WhereisKevinn well my night seems pretty boring in comparison to the strokes you've experienced tonight 	4
@jephjacques I love the way you draw giraffe eyelashes. 	4
@SwitchItNow ahhh shiner Bock in Austin YES! thanks for the Twitter @reply so I can relive too 	4
@holytshirt Glad to read it! 	4
spent the evening outside in the beautiful warm weather. finally feels like spring 	4
pullin an all nighter wit my bffl madison 	4
@AttractMode Thanks for putting on such a great event. Can't wait for the inevitable sequels! 	4
I don't know why I still find this hilarious after hearing it like 200 times in a row, but I doooo  ? http://blip.fm/~3x8ok	4
@thenub you are too 	4
@jimmycarr that big oaf can play piano? 	4
Bryon is my tea bitch 	4
@mattbraga Oh, they can stay. You on the other hand... 	4
I am gonna help my mom get a twitter 	4
@lavsmohan...... Yup!! saw the entire match....reached office late.. 	4
going to bed. My bb isn't working &amp; I'm bored.  Night all. Love me harder tomorrow, than you did today. Peace, Prayers, &amp; Blessings.	4
@DEEJAY_BOOGIE ya we did trying to beat traffic but ya hope to be back soon 	4
India wins a test series in New Zealand after 41 years! If it wasnt for rain on the final day, India would have won the third test too 	4
@ashvala Was driving in Old madras road on my bike!! There is no concept called parking on the side 	4
@upstatement can I apply to be in your class too? 	4
is reading manga  http://plurk.com/p/mzp1e	4
@BradmanTV Thanks....it seemed the right moment. I love your show.  Your songs bring me joy.	4
@Adri_Mane ROflmao... niqqa please. you ackin' a fool now. 	4
@comeagainjen http://twitpic.com/2y2lx - http://www.youtube.com/watch?v=zoGfqvh2ME8 	4
@vjl also, your website seems to be down, FYI. pity, I wanted to check it out  sure you knew that though.	4
@LindzNicole so let's make it right! 	4
@Lexi_83 We.... went professional in October 2008, we've just not update any of our websites or anything until yesterday 	4
@rhonda_brown thanks for the tip on Sam's Club! 	4
@KourtneyKardash yep Mornings are the Best! nighttime is chill time 	4
@pocketfulofme yay!!! hehe TWINS 	4
@jolilore Thank you 	4
&quot;City of Ember&quot; was AWESOME!!! SO have to finish the book and read the next one (ones?) now.  Time for bed possibly? Who knows, really. XD	4
OMG, I would have died!!! actually no, I take that back...I keep an updated version on my X:drive so it's all good 	4
@trugiaz You and i mate! 	4
 just watched the movie Wanted... it was pretty darn good.	4
just got home from Neil's. watched Nick &amp; Nora's Playlist... pretty funny  	4
@theexclamation ah yes, twitter seems to be the perfect venue for whining and wasting time.  now that's my idea of fun 	4
@donniewahlberg hell yeah! there's the effin man! 	4
@roshnimo Dont be lazy............try a few out.... tools are to make life easy for lazy people 	4
@aiduong Oh goodness, I didn't know you could message friends on here! Hello Ai 	4
Thinks everyone needs to go buy Tina Parol's song Who's Got Your Money on iTunes ... NOW! 	4
can't wait for vegas 	4
@theDebbyRyan Hey Debby 	4
One sixty six in bowling. Holy shit lol 	4
dear dbq, you were a pain in the asssss. i'm glad i'm DONE with you! 	4
and now off to bed after an amazing night chatting with a pretty amazing guy  ( you know who you are)	4
@lhawthorn What a coincidence! I was just stalking your Twitter feed and the GSoC news. ;) I'm doing great, thanks. How about you? 	4
has discovered that she loves easter crafts, eggs, hot cross buns... feel like watching the prince of egypt to aid my easter meditations 	4
Didn't get my nap before, thinking I really need one now. Be back later, twitterpeeps. 	4
Trying to figure out a way to pay it forward 	4
oh oh oh!!! gonna go buy Twilight on DVD today  I have to extend my overdraft for the 2nd time in as many weeks so I may aswell!!	4
my very first twitter  awww	4
@SimonBotes glad you like 	4
@lightblue_82 woo, you won't regret it. 	4
@theaptour thanks so much 	4
 Please?: http://eluts.com/frontstore/Item/item_zoom.asp?item_num=3418&amp;catalog_num=3&amp;mart_id=lutsdoll&amp;level=yes&amp;mother_catalog_num=554	4
@SJS86 haha i saw that one the other day. sad. i'm entirely too addicted to that site now. endless laughs 	4
@lolly2420 this is nuts! thanks  I am dying over heah!	4
@markhoppus hey mark, i want to know if the song &quot;Life's So Boring&quot; is really blink 182 , please tell me  doubt been on my head for years	4
@Kelly_N_Va by Jordan, I think he's got it!  	4
up and running, London calling 	4
What A Day  I Just Loved It. Sun, Food And My Girls  Cannot Be Beaten. Eyyy! I Bused It Home Tooo Hahaa. Have An Ace Time Darl.  xxxx	4
just got home from school (: meant to be getting my hair cut .. but i cbf. lol dancing soon 	4
Sleeeeeeeeeep, then an interview tomorrow! Wish me luck 	4
Awwh babs... you look so sad underneith that shop entrance of &quot;Yesterday's Musik&quot;  O-: I like the look of the new transformer movie 	4
@lauredhel I just friended you on LJ 	4
eating ice cream to reduce the heat 	4
wow san diego is so beautiful. even more so now that we won  but whats a good game without a good fight(;	4
@epistemographer @digitalhumanist Doing a disciplinary PhD with the support/structure of a New Media program like that sounds heavenly 	4
must sleep, big day tomorrow. two tests AND class registration for next sem. ahh! goodnight, twitterers 	4
@claire_brewer I've seen one of those aisles in Borders in Oxford. They're... well, tragic 	4
@thornbek Erin Esurance is so hot. Carry on 	4
@Boobookittifukk not there yet. And i beleive so  red carpet sighting i hope.	4
the cars in Fast and Furious get me excited 	4
@comeagainjen Jennifer 	4
@betzitall Wall-E is a great battle for stress.   Yay for staying up all night and doing homework together!	4
It's been a while since i have watched the Cosby Show, i forgot how funny it was  BUT CAN'T SLEEP THOUGH grrrrr	4
@landrew Hehe, thanks   Was going for the incendiary headline this time 	4
@honeytech Happy Morning! 	4
@SashaKane Um, my kids get up at 5am &amp; need their breakfasts cooked, you ready? 	4
@saad_83 I wasn't late  I was right on time	4
@myk14 Thanks buddy *high fives* hehe 	4
@sytycda Could not agree more!The unison&amp; committment was incredible.Considering the pressure they r under made it all the more amazing 	4
@cityrat59 lol! you counted 15 times! Yeah, it was a drag today...wasn't sure if my tweets were going out. seems to behave now though 	4
@comeagainjen http://twitpic.com/2y2lx - and you are cooler than her she just wants the babiiesss O_O HAHAHAHA 	4
@reesh heyyyyyy want to hook it up!! lol 	4
Saddle Ranch Comedy night. Then back to the boy's house 	4
Today I performed for the first and last time at the Grebel talent show. 4 exams left until undergrad is over 	4
@xShorty4Lifex white!! 	4
@thesouthernstar haha... sarapan aja belum kok, udah disamperin sama client di rumah...  	4
@JonathanRKnight  i do embrace the simple life.  simple things like a new kids reunion makes me an extremely happy girl 	4
@lapcat Need to send 'em to my accountant tomorrow. Oddly, I wasn't even referring to my taxes. Those are supporting evidence, though. 	4
@mmcallen Sigh, wish I could have a GMIC meeting here in San Diego! Spoke to Johanna already, she said it was great... 	4
had a wonderful Portland evening! Thanks Carrie 	4
6:37 in the morning and haven't been sleep   YAY!	4
Headed off to Wal*Mart for more boxes. Uber excited 	4
@axisportals scowls are a lot more temporary than adulthood 	4
I'm melting. *sighs* Serendipity is such a sweet sweet movie. I love it. 	4
@JonathanRKnight wake up with ah Jon tweet. The Best start for my day  thx Jon love You	4
Got an inspiration -&gt; dyeing my hair! 	4
just  created this account...looking around 	4
@amyg0716 I'm gunnna do both of those things 	4
http://twitpic.com/2y2tq - So far, it is interesting. 	4
Haven't tweeted nearly all day  Posted my website tonight, hopefully that goes well  Night time!	4
@craigsutton     that's a long-time, good for you!   	4
(@thuquoc) jizzin' in my pants excited about seeing ARMIN VAN BUUREN tomorrow 	4
@mehulbhuva Good luck, and let me know how it goes! 	4
@tayswift Congrats from Peru! You were/are amazing! i was speechless,thank u so much! come here someday plz, ill wait forever seriously! 	4
@rogieking Congrats on the newborn! Our first is due in June 	4
Dodgers beat the Padres  Go Blue!	4
@jbruin lol esp when your updates hit my phone... 	4
@JonathanRKnight I'm just glad you appreciate Iowa.    Come back in late summer when they're cutting hay...  best..smell.. EVER!	4
@pjaficionado  Having fun, loving life, happy to be in the game. Everything else is a bonus. Not just BS either!	4
@vuittonretarded  awww. Is there anything i can do 	4
But I do not mind.  Goodnight	4
@mistressathenax oh lets let it be a surprise. 	4
Proud future member of the R.B. 	4
@miss_tattoo heyy!  you got those pictures of Donnie's gift on the USB stick?! 	4
Giant Drag &quot;Wicked Game&quot; ? http://twt.fm/32811 #musicmonday - Better than the original &amp; the commercial promo song for Nip/Tuck season 5! 	4
@web20classroom Fabulous post about WordAhead!  And overall loved your blog.	4
Much Luv to @espressowoman54 &amp; @tommyruffin who's now following me on twitter!! 	4
@KendallMassey @jclayville rocks. But don't tell her I said that 	4
@Gerry_Butler If it's something you will enjoy and will make you happy, why not do it? 	4
just discovered tonight that her church is serving breakfast on Easter!  (I'm not sure why this is so exciting, but I suspect the baby...)	4
@Tiandrance 	4
@yoavsegal Morning 	4
finally back on twitter 	4
God sho love him some me  feeling really really blessed tonight++++++	4
@adamdexter i can't wait to see you buddy 	4
@allan_at_rogue thanks Allan! They are photos from a Joolz Soiree I held up in Brisbane last year 	4
there is link about how to enjoy dark chocolate within the post..  http://chai-coffee.blogspot.com/2009/04/chocolate-flavoured-math.html	4
@chazdrums if i know how to do something, and have time... Its so easy to answer 	4
Wow, the house looks so different...AND OH MY GOD MY DOGGIES 	4
ahhh loved this sunny day....I am working a good sun burn on my nose 	4
@FoamingBBQ I had to read it last semester.  By &quot;read&quot; I mean skim for keywords and read online outlines.   Got an A too 	4
@dalecruse Yay! Love Box.net  My first business partner Sam Ghods is on the founding team. SO proud of him 4 building an excellent utility	4
@JonathanRKnight Glad to hear that you had such a great night! You rock &amp; I hope tonight is just the 1st of many feel good shows for you! 	4
Anyone else catch Scott Bakula's &quot;Oh Boy&quot; in #Chuck tonight?  	4
@fatbellybella the media is a trip [period] we have to guard our minds...along with our hearts. Don't fret ms.badu UR THE BEST!! its true 	4
Ahh, the tedium of fixing broken file links in Inventor.  Good times.  	4
@theDebbyRyan  where!!?!? 	4
@Laatina MONDAYS ARE WHAT YOU MAKE OF IT. 	4
Well in the past two days I have had 45 min. of sleep.  I'm going to watch TV while laying in bed and try to sleep.. Night peepers 	4
I'm officially going to bed! Goodnight 	4
I now have painting clothes!   	4
@msaleem LOL not yet my brutha from anotha mutha 	4
ryanrossfanz  &lt;-- FOLLOW THEM!  Ryan is uber!	4
@JonathanRKnight you close your eyes and pick one and hit reply. 	4
@ronashively Connections Academy has been great for our family...and thousands more across the country!  Happy to tell you more 	4
@QUEENIE909 hum nice 1! lol take something..LOL yeah party over there, haha u kno them drunk ass's  Will i b seeing you @ Janets party??	4
#nightcard The Star: what a wonderful card for a new beginning both for you and Ankie 1.0  Welcome! 	4
Loves the German bakeries in Sydney. Together with my imported honey it feels like home 	4
I'm an uncle now! 	4
@katiehayes415 Levon...couldn't have said it better my self.  	4
@dmf71 I should change my name to qoosfr (queen of obscure science fiction references) instead of cbn2, which only 1 person understands. 	4
@DolfinFan  Our picnic will be fabulous!	4
@DaveJMatthews Welcome back to NYC! 	4
@nashipear Sorry I am talking to my best friend.. So I havent replied!!  But I can talk to you too!	4
@corinmcblide oh ok then i am gonna go and buy one for when i come up there 	4
tafe quiz then PHOTOSHOOT with my sezdawg 	4
@berofx: good luck with your challenge 	4
oh oh found some clothes!!  And i love em xD	4
Rocking out to No Doubt and gonna start up some more Neverwinter Nights 	4
@kameelahwrites phew! all that hair, gyal! 	4
keepin it real.  	4
&lt;------ Branded 	4
I'm adding my fellow PFers.  Nice to see so many of us here, too! 	4
Had a good time at Eat n Park drinking a latte and playing Munchkin Impossible with @Chriswolfe2007. 	4
@momentbymoment1 - I'm sure you and your site will! 	4
@JonathanRKnight Good luck with the cruise!! Your gonna need it! 	4
@glutenfreegirl  well, I'm doing whatever our neighbor tells us, and if that produces vegetables, I'm cooking them!	4
@milagro88 Hi there, Cel.  How are you doing today?	4
@Chubbx Goooooood morning, Chubbx  how are you today?	4
@BrittyDS Don't blame me.  I just like good things. ;)	4
@darkknight808 okay! I think little oven again on wednesday!  7-9pm?	4
@LoriGama that's most excellent  lotsa people loving you hehe *Winks*	4
@jia_zhen it's an odd little thing isn't it, 'is it from another planet?'.... but i think i like it 	4
amidst all these recession talks, my friend told me yesterday that she got a pay hike  it sure is a nice to hear that.	4
is now using windows and tweetdeck... temporarily... 	4
I Joined ShoeDazzle Society by @KimKardashian I am Excited! Can't wait for my Shoe selection!  Link: http://www.shoedazzle.com/	4
@robgokeemusic I know - I should have made some, taken them to my meetings &amp; I should have foreseen my sister was going 2 pick up a stray 	4
@JonathanRKnight you can DIRECT MESSAGE us/me/all of us...whatever you want 	4
@mars2thestars here it is  http://tinyurl.com/hecklerxyz	4
Week 2 of the fitness challenge and I'm starting off strong.  Just submitted my stats for the night and it ain't bad 	4
Your Following for a Reason.....  www.facesbyrozzj.com	4
I missed twitter, ym, multiply and PET SOCIETY. I haven't been able to use the internet because I was quite busy for the past few days. 	4
@mileycyrus Juz watchin' 3 eps. of your show HM, I must say I instantly became a fan of urs! ;D Lovin' ur humor so mucho! More power 2 u! 	4
I have a new background  It didn't exactly work how I wanted but I was bored with the old one.	4
If you are at #Paragon please vote my work!  LOL	4
@mrskutcher I keep forgetting you are in a different time zone than normal! I see your 'tweets' about the morning when it's 10:45pm here! 	4
@mantia Do you have an example of the animation? I mean a youtube video or something? I'm curious to see it work. Snowing there too? 	4
@TheRudeTypist Need an invite to hunch? 	4
@JonathanRKnight Thought you were a Mac 	4
@JonathanRKnight Maybe Jordan could help you answer a few? Just an idea.. 	4
Finally made my map of Panama. &quot;What's a Panama, is that like an animal?&quot; Haha love my friends 	4
@ManyaS 	4
@ddlovato I will gladly give you the squirrel in Jenny's house if you join us. A SQUIRREL. It'll kill two birds with one stone! 	4
Got the vocals done! now time for the best part: the music track or bed! whichever you wanna call it lol 	4
will be part of my friend's wedding entourage. In Tagalog, abay sa kasal. I'll be carrying the veil. Thanks, Mau. 	4
@Bern_morley it's the weather, petal. don't sweat it ... oh ...  ... sorry ... 	4
@dfizzy Hey There ! How are you today? 	4
Whoops, sorry to anyone trying to email me earlier today. My inbox was full but should now be empty 	4
@chocolate_dip lol i wasnt complaining just making sure @yoeyfreshier wasnt getting off before me but @tivon cleared that up 	4
@mademoiselledee That is one freaky movie. I like &quot;I got life&quot; 	4
Megan is hanging out 	4
Going to bed and then up early to prep for an interview in Cleveland tomorrow 	4
A healthy remedy for you AND your dog  http://PetParenthood.blogspot.com #dogs	4
That was sick. Soma rocks. 	4
@staceysoleil  yep..lol  I was bored... Edward is hunting with the guys..	4
@victoriaerin HEYYYYYYYYYYY YOU 	4
Studying philosophy and math... &lt;----BLAH aka listening to music and on twitter, facebook, and myspace 	4
@JonathanRKnight There is no way on earth that you can answer everyone  Will you ask Donnie if he got the gift from my 9 yr old lastnight?	4
on my psp browser for the first time in over a year 	4
@aparajuli good luck to you 	4
Is glad the Angels won their first game of the season. 	4
@misstoriblack I have absolutely no doubt that I will!  here's to your continued success 	4
Another day in the office... 2 days to go.  http://twitpic.com/2y2y1	4
@mattimassacre nice  yeah so wish I could afford those things	4
@loic I want to see that too! But it'll take so long to get 800 friends.. 	4
Uploading the greatest cartoon from the Newspaper ever - regarding Twitter. 	4
@levimorales glad you liked! That Henry Ford had a good idea every now and then, didn't he? 	4
Studying with friends!  that's my update	4
@piercethevic im glad everythings going good for you guys 	4
@JonathanRKnight Don't worry about it, we are just happy to have you on here! 	4
@suplada I'll get those stuff fr the UK/Japan. If I'm desperate enough for headphones from the US, I might do JAC. My tita can be slow. 	4
@eddieizzard You wouldn't happen to still be in NYC doing gigs on Friday or Saturday next week? 	4
ty  @GR8FL - soon I upload too  Emmylou Harris � I'll Be Your Baby Tonight (GR8FL)  ? http://blip.fm/~3x8zc	4
cheeck thiss hand cuz im marvelous ;) boy.. idk hoow im gona make it threw this weeeek 	4
Watching Seven Pounds with my mom. I hope i dont fall asleep. AfterMidnightProject TOMORROW! 	4
@jennmae awesome.  home from work around 430, and then have to take the puppy out, then to Capones. 	4
@nerdist  That photo IS Vegas 	4
@elissakim  yeah!  opening day too!	4
@iamdiddy I feel you I hate working out too! But our results will be MAJOR! When you look good you feel good! 	4
@fmsQuatro the A's are my AL team 	4
had a really good day    off to do some shoppping	4
@kamy775 ok..I did it...hope it works now 	4
@amp451 good night  sweet dreamz	4
@i140 I hope that Scentsational doesn't get dissed 	4
will invite people to twitter. 	4
@bluestreak23 @jasonandjodie Coming soon enough my friends - Big project in works for just that - Good new and only good news 	4
@cookrn woohoo!  yeah that day i was rockin it hard core  	4
@JonathanRKnight Hey Jon we all love ya and understand,that's all it counts  	4
@imalcolmjames no internship yet but ive got a place to stay. w/ any luck i'll spend some time in teaneck before heading back to utah 	4
If I can make it to bed without running into a wall or tripping over my own feet, that is. Heh. 	4
@mayhemstudios Yes, using it for 3 week now. Pretty happy with the result 	4
@larryczerwonka Exactly!! 	4
i wonder how long i can stay up until i pass out and wake up again at 6 	4
@DonnieWahlberg Great words of wisdom D-Dub!! Now can you tell the doctor to let me have some alcohol &amp; caffeine!! 	4
@Jonathanrknight so good knight and sleep well.  I know I will now!! 	4
exhausted! but glad i got to see UNC become national champs!  	4
Centrelink wasnt as bad as I thought it was going to be !!!! 	4
@davesjessica wouldn't want you any other way! 	4
Is hella excited cuz the Italian is here 	4
Love having access to a research machine with 4 quad core 64 bit opterons, and 60 gigs of ram 	4
It was quick, but exhausting. 1 day @ a time 	4
Jasmine and Bohdi are here for the holidays!! 	4
@pfspleen I'm good! Had some very strange dreams last night but hey dreamin' means i'm sleepin'  How's you this morning?	4
going outside to jump on my trampoine  WOOOT!	4
@SophieVeronica today was rad. we made it into the finals for cross country YAY. love you sophie &lt;3 (L) ps everythins cool with my mates 	4
@HuntersMama1985 LOL, I was thinking the same thing 	4
@JonathanRKnight Don't feel pressured, none of us EXPECT a reply back, we're just happy to be able to listen to you talk  	4
@Suai Oh &quot;Shooter&quot; is a good movie!  Only seen it once tho.  Gotta put that back on my &quot;to watch&quot; list! 	4
@DonnieWahlberg I can tell u have spoken. FB &amp; Twitter are on Fire right now!!  Hope ur feelin better love.  have a great night...	4
@KourtneyKardash i hate morn workouts bc i love to sleep late  ha have fun in mexico! love the show, is the trip gonna air on keeping up?	4
i'm feeling somewhat artistic...time to break out the sketching pad, i feel a new dress design coming 	4
@ma_shinka go on, Mary's listening 	4
@TheAshBall 	4
nodame cantabile is &lt;3. I think I'm falling in love with classical music. 	4
...so i just ordered my copy of Hardcore Underground 3  love me, love me! Canary in skinny jeans going balls deep.	4
@markegli &amp; @kariegli the dinner menu this week is something pasta-y (we have cheese?) and also chicken noodle soup. 	4
new jersey, here i come 	4
on facebook 	4
@Vonster good point, 2 draw  2 don't  nice quote though. I like that.	4
@Croconaw goodnight 	4
@danielkirkley Lead Me To The Cross is one of my favorites!! Great job, D!!! 	4
just got back from starbucks.. tried the tea with lemonade very good  miss gg already. 1st one!	4
BOOM BOOM POW-oops 	4
The Super Red Diva !!!  Stupid University 	4
This latest episode of NewNowNext is like full of awesome! 	4
When you just want things to end, remember to have faith because one day, it's all going to be alright 	4
@ PBnJen : Thanks for the great tour and making me even more excited to work in PR!  You Rock and so does S&amp;B-would love to work there!	4
@DonnieWahlberg YOU give me joy....and you have for years. You are such an amazing man and we are all lucky to know you. 	4
@tothepc Did you check out http://www.weboword.com We aren't a dictionary, but we are all about Visual Vocabulary!  Come have fun.	4
Artistic affirmation from a drunk lady was kinda just what I needed! 	4
@Honey3223  Honey goodnight I am up really early in the morning busy day will catch up with you later tomorrow 	4
A je kak�en rip od Trenutek resnice? Link, link, link 	4
Lamb Chowmein for dinner tonight.... hhhmmm with slightly roasted buttered dinner rolls! YUM YUM YUM... so hungry 	4
tweeting from my brand new Sony PSP... just because I CAN!!  	4
@MussoMitchel Hey you should go on tour sometime with your brother! Metro Station is freakin awesome! 	4
well tweeps, im off, i gotta have a shower then go get a haircut. good bye everyone 	4
@juliaroy I've just seen your Flickr and I've fallen in love!!! Just Wonderful!!! Awesome... !!! 	4
@danielc Sorry it wasn't Wrath of Khan.  But we made do. 	4
juggernaut, dr. doom, magneto, &amp; xavier!  ahahah today was a good day n__n	4
@ricardooooo we'll have a geek off next time you are in Tahoe!! But you need to get miss vicky jay reciting star wars by then 	4
aww dont make me blush!	4
trying to figure this thing out 	4
watching &quot;The Princess Bride&quot; I want a Wesley!!! 	4
@lisaholmes you can buy my fiances duplex in Terwillegar 	4
@apleaforaaron i could really eat some cheese  i have a hankering for some austrian smoked cheese. YUM!	4
@ddlovato I am so FUCKING jealous of you girl. Have fun though  xxx	4
@ThaStevieG my bunnys name was Lucy  you can go ahead and guess who she was named after lmao	4
@pixelpipe any updates for iPhone OS 3.0 yet? I miss you guys 	4
Denise, I love you. 	4
@ricardooooo we'll have a geek off next time you are in Tahoe!! But you need to get miss vicky jay reciting star wars by then 	4